{"backend_name": "ibmq_jakarta", "backend_version": "1.0.33", "qobj_id": "68bd2cad-b1c4-424f-94e5-f1af3924a5e8", "job_id": "624f9d33182d0262ef4c3129", "date": "2022-04-12T17:30:18Z", "success": true, "status": "Successful completion", "execution_id": "1133ce68-ba86-11ec-a4d8-bc97e15b08d0", "time_taken": 67.04800248146057, "header": {"backend_name": "ibmq_jakarta", "backend_version": "1.0.33"}, "results": [{"shots": 8192, "success": true, "status": null, "seed": null, "meas_level": 2, "meas_return": null, "header": {"qubit_labels": [["q", 0], ["q", 1], ["q", 2], ["q", 3], ["q", 4], ["q", 5], ["q", 6]], "n_qubits": 7, "qreg_sizes": [["q", 7]], "clbit_labels": [["c28", 0], ["c28", 1], ["c28", 2]], "memory_slots": 3, "creg_sizes": [["c28", 3]], "name": "('X', 'X', 'X')", "global_phase": 5.497787143782146, "metadata": {}}, "data": {"counts": {"0x0": 1398, "0x1": 1004, "0x2": 1069, "0x3": 954, "0x4": 1785, "0x5": 656, "0x6": 876, "0x7": 450}, "snapshots": null, "memory": null, "statevector": null, "unitary": null}}, {"shots": 8192, "success": true, "status": null, "seed": null, "meas_level": 2, "meas_return": null, "header": {"qubit_labels": [["q", 0], ["q", 1], ["q", 2], ["q", 3], ["q", 4], ["q", 5], ["q", 6]], "n_qubits": 7, "qreg_sizes": [["q", 7]], "clbit_labels": [["c28", 0], ["c28", 1], ["c28", 2]], "memory_slots": 3, "creg_sizes": [["c28", 3]], "name": "('X', 'X', 'Y')", "global_phase": 4.712388980384698, "metadata": {}}, "data": {"counts": {"0x0": 1299, "0x1": 504, "0x2": 1308, "0x3": 833, "0x4": 1851, "0x5": 1062, "0x6": 636, "0x7": 699}, "snapshots": null, "memory": null, "statevector": null, "unitary": null}}, {"shots": 8192, "success": true, "status": null, "seed": null, "meas_level": 2, "meas_return": null, "header": {"qubit_labels": [["q", 0], ["q", 1], ["q", 2], ["q", 3], ["q", 4], ["q", 5], ["q", 6]], "n_qubits": 7, "qreg_sizes": [["q", 7]], "clbit_labels": [["c28", 0], ["c28", 1], ["c28", 2]], "memory_slots": 3, "creg_sizes": [["c28", 3]], "name": "('X', 'X', 'Z')", "global_phase": 4.712388980384695, "metadata": {}}, "data": {"counts": {"0x0": 799, "0x1": 697, "0x2": 614, "0x3": 354, "0x4": 2415, "0x5": 896, "0x6": 1276, "0x7": 1141}, "snapshots": null, "memory": null, "statevector": null, "unitary": null}}, {"shots": 8192, "success": true, "status": null, "seed": null, "meas_level": 2, "meas_return": null, "header": {"qubit_labels": [["q", 0], ["q", 1], ["q", 2], ["q", 3], ["q", 4], ["q", 5], ["q", 6]], "n_qubits": 7, "qreg_sizes": [["q", 7]], "clbit_labels": [["c28", 0], ["c28", 1], ["c28", 2]], "memory_slots": 3, "creg_sizes": [["c28", 3]], "name": "('X', 'Y', 'X')", "global_phase": 4.712388980384698, "metadata": {}}, "data": {"counts": {"0x0": 931, "0x1": 456, "0x2": 1559, "0x3": 1558, "0x4": 2038, "0x5": 708, "0x6": 530, "0x7": 412}, "snapshots": null, "memory": null, "statevector": null, "unitary": null}}, {"shots": 8192, "success": true, "status": null, "seed": null, "meas_level": 2, "meas_return": null, "header": {"qubit_labels": [["q", 0], ["q", 1], ["q", 2], ["q", 3], ["q", 4], ["q", 5], ["q", 6]], "n_qubits": 7, "qreg_sizes": [["q", 7]], "clbit_labels": [["c28", 0], ["c28", 1], ["c28", 2]], "memory_slots": 3, "creg_sizes": [["c28", 3]], "name": "('X', 'Y', 'Y')", "global_phase": 3.9269908169872485, "metadata": {}}, "data": {"counts": {"0x0": 1925, "0x1": 599, "0x2": 665, "0x3": 723, "0x4": 1144, "0x5": 522, "0x6": 1381, "0x7": 1233}, "snapshots": null, "memory": null, "statevector": null, "unitary": null}}, {"shots": 8192, "success": true, "status": null, "seed": null, "meas_level": 2, "meas_return": null, "header": {"qubit_labels": [["q", 0], ["q", 1], ["q", 2], ["q", 3], ["q", 4], ["q", 5], ["q", 6]], "n_qubits": 7, "qreg_sizes": [["q", 7]], "clbit_labels": [["c28", 0], ["c28", 1], ["c28", 2]], "memory_slots": 3, "creg_sizes": [["c28", 3]], "name": "('X', 'Y', 'Z')", "global_phase": 3.9269908169872476, "metadata": {}}, "data": {"counts": {"0x0": 725, "0x1": 359, "0x2": 683, "0x3": 677, "0x4": 2237, "0x5": 753, "0x6": 1485, "0x7": 1273}, "snapshots": null, "memory": null, "statevector": null, "unitary": null}}, {"shots": 8192, "success": true, "status": null, "seed": null, "meas_level": 2, "meas_return": null, "header": {"qubit_labels": [["q", 0], ["q", 1], ["q", 2], ["q", 3], ["q", 4], ["q", 5], ["q", 6]], "n_qubits": 7, "qreg_sizes": [["q", 7]], "clbit_labels": [["c28", 0], ["c28", 1], ["c28", 2]], "memory_slots": 3, "creg_sizes": [["c28", 3]], "name": "('X', 'Z', 'X')", "global_phase": 4.712388980384695, "metadata": {}}, "data": {"counts": {"0x0": 924, "0x1": 954, "0x2": 1551, "0x3": 984, "0x4": 1243, "0x5": 389, "0x6": 1445, "0x7": 702}, "snapshots": null, "memory": null, "statevector": null, "unitary": null}}, {"shots": 8192, "success": true, "status": null, "seed": null, "meas_level": 2, "meas_return": null, "header": {"qubit_labels": [["q", 0], ["q", 1], ["q", 2], ["q", 3], ["q", 4], ["q", 5], ["q", 6]], "n_qubits": 7, "qreg_sizes": [["q", 7]], "clbit_labels": [["c28", 0], ["c28", 1], ["c28", 2]], "memory_slots": 3, "creg_sizes": [["c28", 3]], "name": "('X', 'Z', 'Y')", "global_phase": 3.9269908169872476, "metadata": {}}, "data": {"counts": {"0x0": 1057, "0x1": 681, "0x2": 1589, "0x3": 610, "0x4": 1063, "0x5": 643, "0x6": 1455, "0x7": 1094}, "snapshots": null, "memory": null, "statevector": null, "unitary": null}}, {"shots": 8192, "success": true, "status": null, "seed": null, "meas_level": 2, "meas_return": null, "header": {"qubit_labels": [["q", 0], ["q", 1], ["q", 2], ["q", 3], ["q", 4], ["q", 5], ["q", 6]], "n_qubits": 7, "qreg_sizes": [["q", 7]], "clbit_labels": [["c28", 0], ["c28", 1], ["c28", 2]], "memory_slots": 3, "creg_sizes": [["c28", 3]], "name": "('X', 'Z', 'Z')", "global_phase": 3.9269908169872476, "metadata": {}}, "data": {"counts": {"0x0": 933, "0x1": 649, "0x2": 540, "0x3": 367, "0x4": 1244, "0x5": 690, "0x6": 2410, "0x7": 1359}, "snapshots": null, "memory": null, "statevector": null, "unitary": null}}, {"shots": 8192, "success": true, "status": null, "seed": null, "meas_level": 2, "meas_return": null, "header": {"qubit_labels": [["q", 0], ["q", 1], ["q", 2], ["q", 3], ["q", 4], ["q", 5], ["q", 6]], "n_qubits": 7, "qreg_sizes": [["q", 7]], "clbit_labels": [["c28", 0], ["c28", 1], ["c28", 2]], "memory_slots": 3, "creg_sizes": [["c28", 3]], "name": "('Y', 'X', 'X')", "global_phase": 4.712388980384698, "metadata": {}}, "data": {"counts": {"0x0": 1096, "0x1": 1338, "0x2": 1415, "0x3": 669, "0x4": 1542, "0x5": 796, "0x6": 1010, "0x7": 326}, "snapshots": null, "memory": null, "statevector": null, "unitary": null}}, {"shots": 8192, "success": true, "status": null, "seed": null, "meas_level": 2, "meas_return": null, "header": {"qubit_labels": [["q", 0], ["q", 1], ["q", 2], ["q", 3], ["q", 4], ["q", 5], ["q", 6]], "n_qubits": 7, "qreg_sizes": [["q", 7]], "clbit_labels": [["c28", 0], ["c28", 1], ["c28", 2]], "memory_slots": 3, "creg_sizes": [["c28", 3]], "name": "('Y', 'X', 'Y')", "global_phase": 3.9269908169872485, "metadata": {}}, "data": {"counts": {"0x0": 1078, "0x1": 786, "0x2": 1528, "0x3": 462, "0x4": 1700, "0x5": 1306, "0x6": 904, "0x7": 428}, "snapshots": null, "memory": null, "statevector": null, "unitary": null}}, {"shots": 8192, "success": true, "status": null, "seed": null, "meas_level": 2, "meas_return": null, "header": {"qubit_labels": [["q", 0], ["q", 1], ["q", 2], ["q", 3], ["q", 4], ["q", 5], ["q", 6]], "n_qubits": 7, "qreg_sizes": [["q", 7]], "clbit_labels": [["c28", 0], ["c28", 1], ["c28", 2]], "memory_slots": 3, "creg_sizes": [["c28", 3]], "name": "('Y', 'X', 'Z')", "global_phase": 3.9269908169872476, "metadata": {}}, "data": {"counts": {"0x0": 1024, "0x1": 539, "0x2": 558, "0x3": 414, "0x4": 1671, "0x5": 1552, "0x6": 1884, "0x7": 550}, "snapshots": null, "memory": null, "statevector": null, "unitary": null}}, {"shots": 8192, "success": true, "status": null, "seed": null, "meas_level": 2, "meas_return": null, "header": {"qubit_labels": [["q", 0], ["q", 1], ["q", 2], ["q", 3], ["q", 4], ["q", 5], ["q", 6]], "n_qubits": 7, "qreg_sizes": [["q", 7]], "clbit_labels": [["c28", 0], ["c28", 1], ["c28", 2]], "memory_slots": 3, "creg_sizes": [["c28", 3]], "name": "('Y', 'Y', 'X')", "global_phase": 3.9269908169872485, "metadata": {}}, "data": {"counts": {"0x0": 844, "0x1": 497, "0x2": 1627, "0x3": 1466, "0x4": 2098, "0x5": 719, "0x6": 519, "0x7": 422}, "snapshots": null, "memory": null, "statevector": null, "unitary": null}}, {"shots": 8192, "success": true, "status": null, "seed": null, "meas_level": 2, "meas_return": null, "header": {"qubit_labels": [["q", 0], ["q", 1], ["q", 2], ["q", 3], ["q", 4], ["q", 5], ["q", 6]], "n_qubits": 7, "qreg_sizes": [["q", 7]], "clbit_labels": [["c28", 0], ["c28", 1], ["c28", 2]], "memory_slots": 3, "creg_sizes": [["c28", 3]], "name": "('Y', 'Y', 'Y')", "global_phase": 3.1415926535897993, "metadata": {}}, "data": {"counts": {"0x0": 1806, "0x1": 646, "0x2": 802, "0x3": 716, "0x4": 1112, "0x5": 560, "0x6": 1411, "0x7": 1139}, "snapshots": null, "memory": null, "statevector": null, "unitary": null}}, {"shots": 8192, "success": true, "status": null, "seed": null, "meas_level": 2, "meas_return": null, "header": {"qubit_labels": [["q", 0], ["q", 1], ["q", 2], ["q", 3], ["q", 4], ["q", 5], ["q", 6]], "n_qubits": 7, "qreg_sizes": [["q", 7]], "clbit_labels": [["c28", 0], ["c28", 1], ["c28", 2]], "memory_slots": 3, "creg_sizes": [["c28", 3]], "name": "('Y', 'Y', 'Z')", "global_phase": 3.141592653589801, "metadata": {}}, "data": {"counts": {"0x0": 829, "0x1": 353, "0x2": 724, "0x3": 622, "0x4": 2137, "0x5": 864, "0x6": 1377, "0x7": 1286}, "snapshots": null, "memory": null, "statevector": null, "unitary": null}}, {"shots": 8192, "success": true, "status": null, "seed": null, "meas_level": 2, "meas_return": null, "header": {"qubit_labels": [["q", 0], ["q", 1], ["q", 2], ["q", 3], ["q", 4], ["q", 5], ["q", 6]], "n_qubits": 7, "qreg_sizes": [["q", 7]], "clbit_labels": [["c28", 0], ["c28", 1], ["c28", 2]], "memory_slots": 3, "creg_sizes": [["c28", 3]], "name": "('Y', 'Z', 'X')", "global_phase": 3.9269908169872476, "metadata": {}}, "data": {"counts": {"0x0": 1085, "0x1": 796, "0x2": 1410, "0x3": 1098, "0x4": 1087, "0x5": 616, "0x6": 1577, "0x7": 523}, "snapshots": null, "memory": null, "statevector": null, "unitary": null}}, {"shots": 8192, "success": true, "status": null, "seed": null, "meas_level": 2, "meas_return": null, "header": {"qubit_labels": [["q", 0], ["q", 1], ["q", 2], ["q", 3], ["q", 4], ["q", 5], ["q", 6]], "n_qubits": 7, "qreg_sizes": [["q", 7]], "clbit_labels": [["c28", 0], ["c28", 1], ["c28", 2]], "memory_slots": 3, "creg_sizes": [["c28", 3]], "name": "('Y', 'Z', 'Y')", "global_phase": 3.141592653589801, "metadata": {}}, "data": {"counts": {"0x0": 1283, "0x1": 525, "0x2": 1295, "0x3": 834, "0x4": 813, "0x5": 884, "0x6": 1797, "0x7": 761}, "snapshots": null, "memory": null, "statevector": null, "unitary": null}}, {"shots": 8192, "success": true, "status": null, "seed": null, "meas_level": 2, "meas_return": null, "header": {"qubit_labels": [["q", 0], ["q", 1], ["q", 2], ["q", 3], ["q", 4], ["q", 5], ["q", 6]], "n_qubits": 7, "qreg_sizes": [["q", 7]], "clbit_labels": [["c28", 0], ["c28", 1], ["c28", 2]], "memory_slots": 3, "creg_sizes": [["c28", 3]], "name": "('Y', 'Z', 'Z')", "global_phase": 3.1415926535897984, "metadata": {}}, "data": {"counts": {"0x0": 1041, "0x1": 609, "0x2": 547, "0x3": 370, "0x4": 1046, "0x5": 808, "0x6": 2451, "0x7": 1320}, "snapshots": null, "memory": null, "statevector": null, "unitary": null}}, {"shots": 8192, "success": true, "status": null, "seed": null, "meas_level": 2, "meas_return": null, "header": {"qubit_labels": [["q", 0], ["q", 1], ["q", 2], ["q", 3], ["q", 4], ["q", 5], ["q", 6]], "n_qubits": 7, "qreg_sizes": [["q", 7]], "clbit_labels": [["c28", 0], ["c28", 1], ["c28", 2]], "memory_slots": 3, "creg_sizes": [["c28", 3]], "name": "('Z', 'X', 'X')", "global_phase": 4.712388980384695, "metadata": {}}, "data": {"counts": {"0x0": 1643, "0x1": 799, "0x2": 1697, "0x3": 381, "0x4": 1916, "0x5": 431, "0x6": 818, "0x7": 507}, "snapshots": null, "memory": null, "statevector": null, "unitary": null}}, {"shots": 8192, "success": true, "status": null, "seed": null, "meas_level": 2, "meas_return": null, "header": {"qubit_labels": [["q", 0], ["q", 1], ["q", 2], ["q", 3], ["q", 4], ["q", 5], ["q", 6]], "n_qubits": 7, "qreg_sizes": [["q", 7]], "clbit_labels": [["c28", 0], ["c28", 1], ["c28", 2]], "memory_slots": 3, "creg_sizes": [["c28", 3]], "name": "('Z', 'X', 'Y')", "global_phase": 3.9269908169872476, "metadata": {}}, "data": {"counts": {"0x0": 1094, "0x1": 799, "0x2": 1717, "0x3": 399, "0x4": 2455, "0x5": 489, "0x6": 790, "0x7": 449}, "snapshots": null, "memory": null, "statevector": null, "unitary": null}}, {"shots": 8192, "success": true, "status": null, "seed": null, "meas_level": 2, "meas_return": null, "header": {"qubit_labels": [["q", 0], ["q", 1], ["q", 2], ["q", 3], ["q", 4], ["q", 5], ["q", 6]], "n_qubits": 7, "qreg_sizes": [["q", 7]], "clbit_labels": [["c28", 0], ["c28", 1], ["c28", 2]], "memory_slots": 3, "creg_sizes": [["c28", 3]], "name": "('Z', 'X', 'Z')", "global_phase": 3.9269908169872476, "metadata": {}}, "data": {"counts": {"0x0": 1052, "0x1": 441, "0x2": 716, "0x3": 234, "0x4": 2530, "0x5": 775, "0x6": 1779, "0x7": 665}, "snapshots": null, "memory": null, "statevector": null, "unitary": null}}, {"shots": 8192, "success": true, "status": null, "seed": null, "meas_level": 2, "meas_return": null, "header": {"qubit_labels": [["q", 0], ["q", 1], ["q", 2], ["q", 3], ["q", 4], ["q", 5], ["q", 6]], "n_qubits": 7, "qreg_sizes": [["q", 7]], "clbit_labels": [["c28", 0], ["c28", 1], ["c28", 2]], "memory_slots": 3, "creg_sizes": [["c28", 3]], "name": "('Z', 'Y', 'X')", "global_phase": 3.9269908169872476, "metadata": {}}, "data": {"counts": {"0x0": 957, "0x1": 444, "0x2": 2312, "0x3": 742, "0x4": 2131, "0x5": 682, "0x6": 656, "0x7": 268}, "snapshots": null, "memory": null, "statevector": null, "unitary": null}}, {"shots": 8192, "success": true, "status": null, "seed": null, "meas_level": 2, "meas_return": null, "header": {"qubit_labels": [["q", 0], ["q", 1], ["q", 2], ["q", 3], ["q", 4], ["q", 5], ["q", 6]], "n_qubits": 7, "qreg_sizes": [["q", 7]], "clbit_labels": [["c28", 0], ["c28", 1], ["c28", 2]], "memory_slots": 3, "creg_sizes": [["c28", 3]], "name": "('Z', 'Y', 'Y')", "global_phase": 3.141592653589801, "metadata": {}}, "data": {"counts": {"0x0": 1818, "0x1": 595, "0x2": 973, "0x3": 498, "0x4": 1273, "0x5": 447, "0x6": 2080, "0x7": 508}, "snapshots": null, "memory": null, "statevector": null, "unitary": null}}, {"shots": 8192, "success": true, "status": null, "seed": null, "meas_level": 2, "meas_return": null, "header": {"qubit_labels": [["q", 0], ["q", 1], ["q", 2], ["q", 3], ["q", 4], ["q", 5], ["q", 6]], "n_qubits": 7, "qreg_sizes": [["q", 7]], "clbit_labels": [["c28", 0], ["c28", 1], ["c28", 2]], "memory_slots": 3, "creg_sizes": [["c28", 3]], "name": "('Z', 'Y', 'Z')", "global_phase": 3.1415926535897984, "metadata": {}}, "data": {"counts": {"0x0": 823, "0x1": 338, "0x2": 987, "0x3": 359, "0x4": 2278, "0x5": 708, "0x6": 2065, "0x7": 634}, "snapshots": null, "memory": null, "statevector": null, "unitary": null}}, {"shots": 8192, "success": true, "status": null, "seed": null, "meas_level": 2, "meas_return": null, "header": {"qubit_labels": [["q", 0], ["q", 1], ["q", 2], ["q", 3], ["q", 4], ["q", 5], ["q", 6]], "n_qubits": 7, "qreg_sizes": [["q", 7]], "clbit_labels": [["c28", 0], ["c28", 1], ["c28", 2]], "memory_slots": 3, "creg_sizes": [["c28", 3]], "name": "('Z', 'Z', 'X')", "global_phase": 3.9269908169872476, "metadata": {}}, "data": {"counts": {"0x0": 1223, "0x1": 681, "0x2": 2045, "0x3": 464, "0x4": 1160, "0x5": 518, "0x6": 1709, "0x7": 392}, "snapshots": null, "memory": null, "statevector": null, "unitary": null}}, {"shots": 8192, "success": true, "status": null, "seed": null, "meas_level": 2, "meas_return": null, "header": {"qubit_labels": [["q", 0], ["q", 1], ["q", 2], ["q", 3], ["q", 4], ["q", 5], ["q", 6]], "n_qubits": 7, "qreg_sizes": [["q", 7]], "clbit_labels": [["c28", 0], ["c28", 1], ["c28", 2]], "memory_slots": 3, "creg_sizes": [["c28", 3]], "name": "('Z', 'Z', 'Y')", "global_phase": 3.1415926535897984, "metadata": {}}, "data": {"counts": {"0x0": 1067, "0x1": 684, "0x2": 1723, "0x3": 418, "0x4": 1189, "0x5": 536, "0x6": 2135, "0x7": 440}, "snapshots": null, "memory": null, "statevector": null, "unitary": null}}, {"shots": 8192, "success": true, "status": null, "seed": null, "meas_level": 2, "meas_return": null, "header": {"qubit_labels": [["q", 0], ["q", 1], ["q", 2], ["q", 3], ["q", 4], ["q", 5], ["q", 6]], "n_qubits": 7, "qreg_sizes": [["q", 7]], "clbit_labels": [["c28", 0], ["c28", 1], ["c28", 2]], "memory_slots": 3, "creg_sizes": [["c28", 3]], "name": "('Z', 'Z', 'Z')", "global_phase": 3.1415926535898, "metadata": {}}, "data": {"counts": {"0x0": 1236, "0x1": 341, "0x2": 541, "0x3": 323, "0x4": 1061, "0x5": 852, "0x6": 3301, "0x7": 537}, "snapshots": null, "memory": null, "statevector": null, "unitary": null}}], "error": null}