{"backend_name": "ibmq_jakarta", "backend_version": "1.0.33", "qobj_id": "badadad2-413c-4ae9-ae4b-92bdb7b75d0c", "job_id": "624f9cffcaa2653f31f1a11c", "date": "2022-04-12T17:26:54Z", "success": true, "status": "Successful completion", "execution_id": "97e1ced4-ba85-11ec-a4d8-bc97e15b08d0", "time_taken": 66.22806310653687, "header": {"backend_name": "ibmq_jakarta", "backend_version": "1.0.33"}, "results": [{"shots": 8192, "success": true, "status": null, "seed": null, "meas_level": 2, "meas_return": null, "header": {"qubit_labels": [["q", 0], ["q", 1], ["q", 2], ["q", 3], ["q", 4], ["q", 5], ["q", 6]], "n_qubits": 7, "qreg_sizes": [["q", 7]], "clbit_labels": [["c28", 0], ["c28", 1], ["c28", 2]], "memory_slots": 3, "creg_sizes": [["c28", 3]], "name": "('X', 'X', 'X')", "global_phase": 0.0, "metadata": {}}, "data": {"counts": {"0x0": 1606, "0x1": 820, "0x2": 996, "0x3": 528, "0x4": 1704, "0x5": 883, "0x6": 1070, "0x7": 585}, "snapshots": null, "memory": null, "statevector": null, "unitary": null}}, {"shots": 8192, "success": true, "status": null, "seed": null, "meas_level": 2, "meas_return": null, "header": {"qubit_labels": [["q", 0], ["q", 1], ["q", 2], ["q", 3], ["q", 4], ["q", 5], ["q", 6]], "n_qubits": 7, "qreg_sizes": [["q", 7]], "clbit_labels": [["c28", 0], ["c28", 1], ["c28", 2]], "memory_slots": 3, "creg_sizes": [["c28", 3]], "name": "('X', 'X', 'Y')", "global_phase": 0.0, "metadata": {}}, "data": {"counts": {"0x0": 1538, "0x1": 817, "0x2": 1015, "0x3": 530, "0x4": 1796, "0x5": 861, "0x6": 1056, "0x7": 579}, "snapshots": null, "memory": null, "statevector": null, "unitary": null}}, {"shots": 8192, "success": true, "status": null, "seed": null, "meas_level": 2, "meas_return": null, "header": {"qubit_labels": [["q", 0], ["q", 1], ["q", 2], ["q", 3], ["q", 4], ["q", 5], ["q", 6]], "n_qubits": 7, "qreg_sizes": [["q", 7]], "clbit_labels": [["c28", 0], ["c28", 1], ["c28", 2]], "memory_slots": 3, "creg_sizes": [["c28", 3]], "name": "('X', 'X', 'Z')", "global_phase": 0.0, "metadata": {}}, "data": {"counts": {"0x0": 254, "0x1": 142, "0x2": 194, "0x3": 107, "0x4": 2961, "0x5": 1598, "0x6": 1895, "0x7": 1041}, "snapshots": null, "memory": null, "statevector": null, "unitary": null}}, {"shots": 8192, "success": true, "status": null, "seed": null, "meas_level": 2, "meas_return": null, "header": {"qubit_labels": [["q", 0], ["q", 1], ["q", 2], ["q", 3], ["q", 4], ["q", 5], ["q", 6]], "n_qubits": 7, "qreg_sizes": [["q", 7]], "clbit_labels": [["c28", 0], ["c28", 1], ["c28", 2]], "memory_slots": 3, "creg_sizes": [["c28", 3]], "name": "('X', 'Y', 'X')", "global_phase": 0.0, "metadata": {}}, "data": {"counts": {"0x0": 1312, "0x1": 710, "0x2": 1321, "0x3": 684, "0x4": 1407, "0x5": 793, "0x6": 1258, "0x7": 707}, "snapshots": null, "memory": null, "statevector": null, "unitary": null}}, {"shots": 8192, "success": true, "status": null, "seed": null, "meas_level": 2, "meas_return": null, "header": {"qubit_labels": [["q", 0], ["q", 1], ["q", 2], ["q", 3], ["q", 4], ["q", 5], ["q", 6]], "n_qubits": 7, "qreg_sizes": [["q", 7]], "clbit_labels": [["c28", 0], ["c28", 1], ["c28", 2]], "memory_slots": 3, "creg_sizes": [["c28", 3]], "name": "('X', 'Y', 'Y')", "global_phase": 0.0, "metadata": {}}, "data": {"counts": {"0x0": 1338, "0x1": 724, "0x2": 1265, "0x3": 674, "0x4": 1421, "0x5": 753, "0x6": 1320, "0x7": 697}, "snapshots": null, "memory": null, "statevector": null, "unitary": null}}, {"shots": 8192, "success": true, "status": null, "seed": null, "meas_level": 2, "meas_return": null, "header": {"qubit_labels": [["q", 0], ["q", 1], ["q", 2], ["q", 3], ["q", 4], ["q", 5], ["q", 6]], "n_qubits": 7, "qreg_sizes": [["q", 7]], "clbit_labels": [["c28", 0], ["c28", 1], ["c28", 2]], "memory_slots": 3, "creg_sizes": [["c28", 3]], "name": "('X', 'Y', 'Z')", "global_phase": 0.0, "metadata": {}}, "data": {"counts": {"0x0": 212, "0x1": 133, "0x2": 222, "0x3": 130, "0x4": 2550, "0x5": 1379, "0x6": 2377, "0x7": 1189}, "snapshots": null, "memory": null, "statevector": null, "unitary": null}}, {"shots": 8192, "success": true, "status": null, "seed": null, "meas_level": 2, "meas_return": null, "header": {"qubit_labels": [["q", 0], ["q", 1], ["q", 2], ["q", 3], ["q", 4], ["q", 5], ["q", 6]], "n_qubits": 7, "qreg_sizes": [["q", 7]], "clbit_labels": [["c28", 0], ["c28", 1], ["c28", 2]], "memory_slots": 3, "creg_sizes": [["c28", 3]], "name": "('X', 'Z', 'X')", "global_phase": 0.0, "metadata": {}}, "data": {"counts": {"0x0": 201, "0x1": 108, "0x2": 2395, "0x3": 1299, "0x4": 225, "0x5": 134, "0x6": 2511, "0x7": 1319}, "snapshots": null, "memory": null, "statevector": null, "unitary": null}}, {"shots": 8192, "success": true, "status": null, "seed": null, "meas_level": 2, "meas_return": null, "header": {"qubit_labels": [["q", 0], ["q", 1], ["q", 2], ["q", 3], ["q", 4], ["q", 5], ["q", 6]], "n_qubits": 7, "qreg_sizes": [["q", 7]], "clbit_labels": [["c28", 0], ["c28", 1], ["c28", 2]], "memory_slots": 3, "creg_sizes": [["c28", 3]], "name": "('X', 'Z', 'Y')", "global_phase": 0.0, "metadata": {}}, "data": {"counts": {"0x0": 194, "0x1": 125, "0x2": 2381, "0x3": 1243, "0x4": 262, "0x5": 134, "0x6": 2519, "0x7": 1334}, "snapshots": null, "memory": null, "statevector": null, "unitary": null}}, {"shots": 8192, "success": true, "status": null, "seed": null, "meas_level": 2, "meas_return": null, "header": {"qubit_labels": [["q", 0], ["q", 1], ["q", 2], ["q", 3], ["q", 4], ["q", 5], ["q", 6]], "n_qubits": 7, "qreg_sizes": [["q", 7]], "clbit_labels": [["c28", 0], ["c28", 1], ["c28", 2]], "memory_slots": 3, "creg_sizes": [["c28", 3]], "name": "('X', 'Z', 'Z')", "global_phase": 0.0, "metadata": {}}, "data": {"counts": {"0x0": 40, "0x1": 26, "0x2": 424, "0x3": 225, "0x4": 424, "0x5": 183, "0x6": 4522, "0x7": 2348}, "snapshots": null, "memory": null, "statevector": null, "unitary": null}}, {"shots": 8192, "success": true, "status": null, "seed": null, "meas_level": 2, "meas_return": null, "header": {"qubit_labels": [["q", 0], ["q", 1], ["q", 2], ["q", 3], ["q", 4], ["q", 5], ["q", 6]], "n_qubits": 7, "qreg_sizes": [["q", 7]], "clbit_labels": [["c28", 0], ["c28", 1], ["c28", 2]], "memory_slots": 3, "creg_sizes": [["c28", 3]], "name": "('Y', 'X', 'X')", "global_phase": 0.0, "metadata": {}}, "data": {"counts": {"0x0": 1467, "0x1": 868, "0x2": 1043, "0x3": 593, "0x4": 1668, "0x5": 950, "0x6": 1022, "0x7": 581}, "snapshots": null, "memory": null, "statevector": null, "unitary": null}}, {"shots": 8192, "success": true, "status": null, "seed": null, "meas_level": 2, "meas_return": null, "header": {"qubit_labels": [["q", 0], ["q", 1], ["q", 2], ["q", 3], ["q", 4], ["q", 5], ["q", 6]], "n_qubits": 7, "qreg_sizes": [["q", 7]], "clbit_labels": [["c28", 0], ["c28", 1], ["c28", 2]], "memory_slots": 3, "creg_sizes": [["c28", 3]], "name": "('Y', 'X', 'Y')", "global_phase": 0.0, "metadata": {}}, "data": {"counts": {"0x0": 1544, "0x1": 839, "0x2": 1045, "0x3": 623, "0x4": 1667, "0x5": 924, "0x6": 987, "0x7": 563}, "snapshots": null, "memory": null, "statevector": null, "unitary": null}}, {"shots": 8192, "success": true, "status": null, "seed": null, "meas_level": 2, "meas_return": null, "header": {"qubit_labels": [["q", 0], ["q", 1], ["q", 2], ["q", 3], ["q", 4], ["q", 5], ["q", 6]], "n_qubits": 7, "qreg_sizes": [["q", 7]], "clbit_labels": [["c28", 0], ["c28", 1], ["c28", 2]], "memory_slots": 3, "creg_sizes": [["c28", 3]], "name": "('Y', 'X', 'Z')", "global_phase": 0.0, "metadata": {}}, "data": {"counts": {"0x0": 238, "0x1": 144, "0x2": 192, "0x3": 108, "0x4": 2943, "0x5": 1664, "0x6": 1874, "0x7": 1029}, "snapshots": null, "memory": null, "statevector": null, "unitary": null}}, {"shots": 8192, "success": true, "status": null, "seed": null, "meas_level": 2, "meas_return": null, "header": {"qubit_labels": [["q", 0], ["q", 1], ["q", 2], ["q", 3], ["q", 4], ["q", 5], ["q", 6]], "n_qubits": 7, "qreg_sizes": [["q", 7]], "clbit_labels": [["c28", 0], ["c28", 1], ["c28", 2]], "memory_slots": 3, "creg_sizes": [["c28", 3]], "name": "('Y', 'Y', 'X')", "global_phase": 0.0, "metadata": {}}, "data": {"counts": {"0x0": 1215, "0x1": 700, "0x2": 1287, "0x3": 710, "0x4": 1393, "0x5": 829, "0x6": 1309, "0x7": 749}, "snapshots": null, "memory": null, "statevector": null, "unitary": null}}, {"shots": 8192, "success": true, "status": null, "seed": null, "meas_level": 2, "meas_return": null, "header": {"qubit_labels": [["q", 0], ["q", 1], ["q", 2], ["q", 3], ["q", 4], ["q", 5], ["q", 6]], "n_qubits": 7, "qreg_sizes": [["q", 7]], "clbit_labels": [["c28", 0], ["c28", 1], ["c28", 2]], "memory_slots": 3, "creg_sizes": [["c28", 3]], "name": "('Y', 'Y', 'Y')", "global_phase": 0.0, "metadata": {}}, "data": {"counts": {"0x0": 1295, "0x1": 739, "0x2": 1175, "0x3": 726, "0x4": 1367, "0x5": 831, "0x6": 1312, "0x7": 747}, "snapshots": null, "memory": null, "statevector": null, "unitary": null}}, {"shots": 8192, "success": true, "status": null, "seed": null, "meas_level": 2, "meas_return": null, "header": {"qubit_labels": [["q", 0], ["q", 1], ["q", 2], ["q", 3], ["q", 4], ["q", 5], ["q", 6]], "n_qubits": 7, "qreg_sizes": [["q", 7]], "clbit_labels": [["c28", 0], ["c28", 1], ["c28", 2]], "memory_slots": 3, "creg_sizes": [["c28", 3]], "name": "('Y', 'Y', 'Z')", "global_phase": 0.0, "metadata": {}}, "data": {"counts": {"0x0": 237, "0x1": 133, "0x2": 232, "0x3": 133, "0x4": 2405, "0x5": 1375, "0x6": 2355, "0x7": 1322}, "snapshots": null, "memory": null, "statevector": null, "unitary": null}}, {"shots": 8192, "success": true, "status": null, "seed": null, "meas_level": 2, "meas_return": null, "header": {"qubit_labels": [["q", 0], ["q", 1], ["q", 2], ["q", 3], ["q", 4], ["q", 5], ["q", 6]], "n_qubits": 7, "qreg_sizes": [["q", 7]], "clbit_labels": [["c28", 0], ["c28", 1], ["c28", 2]], "memory_slots": 3, "creg_sizes": [["c28", 3]], "name": "('Y', 'Z', 'X')", "global_phase": 0.0, "metadata": {}}, "data": {"counts": {"0x0": 202, "0x1": 126, "0x2": 2376, "0x3": 1287, "0x4": 223, "0x5": 118, "0x6": 2455, "0x7": 1405}, "snapshots": null, "memory": null, "statevector": null, "unitary": null}}, {"shots": 8192, "success": true, "status": null, "seed": null, "meas_level": 2, "meas_return": null, "header": {"qubit_labels": [["q", 0], ["q", 1], ["q", 2], ["q", 3], ["q", 4], ["q", 5], ["q", 6]], "n_qubits": 7, "qreg_sizes": [["q", 7]], "clbit_labels": [["c28", 0], ["c28", 1], ["c28", 2]], "memory_slots": 3, "creg_sizes": [["c28", 3]], "name": "('Y', 'Z', 'Y')", "global_phase": 0.0, "metadata": {}}, "data": {"counts": {"0x0": 185, "0x1": 114, "0x2": 2318, "0x3": 1316, "0x4": 215, "0x5": 119, "0x6": 2554, "0x7": 1371}, "snapshots": null, "memory": null, "statevector": null, "unitary": null}}, {"shots": 8192, "success": true, "status": null, "seed": null, "meas_level": 2, "meas_return": null, "header": {"qubit_labels": [["q", 0], ["q", 1], ["q", 2], ["q", 3], ["q", 4], ["q", 5], ["q", 6]], "n_qubits": 7, "qreg_sizes": [["q", 7]], "clbit_labels": [["c28", 0], ["c28", 1], ["c28", 2]], "memory_slots": 3, "creg_sizes": [["c28", 3]], "name": "('Y', 'Z', 'Z')", "global_phase": 0.0, "metadata": {}}, "data": {"counts": {"0x0": 38, "0x1": 26, "0x2": 425, "0x3": 244, "0x4": 401, "0x5": 197, "0x6": 4380, "0x7": 2481}, "snapshots": null, "memory": null, "statevector": null, "unitary": null}}, {"shots": 8192, "success": true, "status": null, "seed": null, "meas_level": 2, "meas_return": null, "header": {"qubit_labels": [["q", 0], ["q", 1], ["q", 2], ["q", 3], ["q", 4], ["q", 5], ["q", 6]], "n_qubits": 7, "qreg_sizes": [["q", 7]], "clbit_labels": [["c28", 0], ["c28", 1], ["c28", 2]], "memory_slots": 3, "creg_sizes": [["c28", 3]], "name": "('Z', 'X', 'X')", "global_phase": 0.0, "metadata": {}}, "data": {"counts": {"0x0": 2007, "0x1": 322, "0x2": 1359, "0x3": 237, "0x4": 2357, "0x5": 291, "0x6": 1379, "0x7": 240}, "snapshots": null, "memory": null, "statevector": null, "unitary": null}}, {"shots": 8192, "success": true, "status": null, "seed": null, "meas_level": 2, "meas_return": null, "header": {"qubit_labels": [["q", 0], ["q", 1], ["q", 2], ["q", 3], ["q", 4], ["q", 5], ["q", 6]], "n_qubits": 7, "qreg_sizes": [["q", 7]], "clbit_labels": [["c28", 0], ["c28", 1], ["c28", 2]], "memory_slots": 3, "creg_sizes": [["c28", 3]], "name": "('Z', 'X', 'Y')", "global_phase": 0.0, "metadata": {}}, "data": {"counts": {"0x0": 2103, "0x1": 331, "0x2": 1341, "0x3": 222, "0x4": 2323, "0x5": 297, "0x6": 1318, "0x7": 257}, "snapshots": null, "memory": null, "statevector": null, "unitary": null}}, {"shots": 8192, "success": true, "status": null, "seed": null, "meas_level": 2, "meas_return": null, "header": {"qubit_labels": [["q", 0], ["q", 1], ["q", 2], ["q", 3], ["q", 4], ["q", 5], ["q", 6]], "n_qubits": 7, "qreg_sizes": [["q", 7]], "clbit_labels": [["c28", 0], ["c28", 1], ["c28", 2]], "memory_slots": 3, "creg_sizes": [["c28", 3]], "name": "('Z', 'X', 'Z')", "global_phase": 0.0, "metadata": {}}, "data": {"counts": {"0x0": 334, "0x1": 52, "0x2": 287, "0x3": 49, "0x4": 4002, "0x5": 545, "0x6": 2478, "0x7": 445}, "snapshots": null, "memory": null, "statevector": null, "unitary": null}}, {"shots": 8192, "success": true, "status": null, "seed": null, "meas_level": 2, "meas_return": null, "header": {"qubit_labels": [["q", 0], ["q", 1], ["q", 2], ["q", 3], ["q", 4], ["q", 5], ["q", 6]], "n_qubits": 7, "qreg_sizes": [["q", 7]], "clbit_labels": [["c28", 0], ["c28", 1], ["c28", 2]], "memory_slots": 3, "creg_sizes": [["c28", 3]], "name": "('Z', 'Y', 'X')", "global_phase": 0.0, "metadata": {}}, "data": {"counts": {"0x0": 1758, "0x1": 269, "0x2": 1730, "0x3": 236, "0x4": 1877, "0x5": 317, "0x6": 1765, "0x7": 240}, "snapshots": null, "memory": null, "statevector": null, "unitary": null}}, {"shots": 8192, "success": true, "status": null, "seed": null, "meas_level": 2, "meas_return": null, "header": {"qubit_labels": [["q", 0], ["q", 1], ["q", 2], ["q", 3], ["q", 4], ["q", 5], ["q", 6]], "n_qubits": 7, "qreg_sizes": [["q", 7]], "clbit_labels": [["c28", 0], ["c28", 1], ["c28", 2]], "memory_slots": 3, "creg_sizes": [["c28", 3]], "name": "('Z', 'Y', 'Y')", "global_phase": 0.0, "metadata": {}}, "data": {"counts": {"0x0": 1740, "0x1": 287, "0x2": 1614, "0x3": 253, "0x4": 1847, "0x5": 315, "0x6": 1873, "0x7": 263}, "snapshots": null, "memory": null, "statevector": null, "unitary": null}}, {"shots": 8192, "success": true, "status": null, "seed": null, "meas_level": 2, "meas_return": null, "header": {"qubit_labels": [["q", 0], ["q", 1], ["q", 2], ["q", 3], ["q", 4], ["q", 5], ["q", 6]], "n_qubits": 7, "qreg_sizes": [["q", 7]], "clbit_labels": [["c28", 0], ["c28", 1], ["c28", 2]], "memory_slots": 3, "creg_sizes": [["c28", 3]], "name": "('Z', 'Y', 'Z')", "global_phase": 0.0, "metadata": {}}, "data": {"counts": {"0x0": 304, "0x1": 49, "0x2": 307, "0x3": 48, "0x4": 3391, "0x5": 516, "0x6": 3135, "0x7": 442}, "snapshots": null, "memory": null, "statevector": null, "unitary": null}}, {"shots": 8192, "success": true, "status": null, "seed": null, "meas_level": 2, "meas_return": null, "header": {"qubit_labels": [["q", 0], ["q", 1], ["q", 2], ["q", 3], ["q", 4], ["q", 5], ["q", 6]], "n_qubits": 7, "qreg_sizes": [["q", 7]], "clbit_labels": [["c28", 0], ["c28", 1], ["c28", 2]], "memory_slots": 3, "creg_sizes": [["c28", 3]], "name": "('Z', 'Z', 'X')", "global_phase": 0.0, "metadata": {}}, "data": {"counts": {"0x0": 254, "0x1": 34, "0x2": 3184, "0x3": 460, "0x4": 316, "0x5": 48, "0x6": 3399, "0x7": 497}, "snapshots": null, "memory": null, "statevector": null, "unitary": null}}, {"shots": 8192, "success": true, "status": null, "seed": null, "meas_level": 2, "meas_return": null, "header": {"qubit_labels": [["q", 0], ["q", 1], ["q", 2], ["q", 3], ["q", 4], ["q", 5], ["q", 6]], "n_qubits": 7, "qreg_sizes": [["q", 7]], "clbit_labels": [["c28", 0], ["c28", 1], ["c28", 2]], "memory_slots": 3, "creg_sizes": [["c28", 3]], "name": "('Z', 'Z', 'Y')", "global_phase": 0.0, "metadata": {}}, "data": {"counts": {"0x0": 262, "0x1": 42, "0x2": 3261, "0x3": 506, "0x4": 295, "0x5": 44, "0x6": 3296, "0x7": 486}, "snapshots": null, "memory": null, "statevector": null, "unitary": null}}, {"shots": 8192, "success": true, "status": null, "seed": null, "meas_level": 2, "meas_return": null, "header": {"qubit_labels": [["q", 0], ["q", 1], ["q", 2], ["q", 3], ["q", 4], ["q", 5], ["q", 6]], "n_qubits": 7, "qreg_sizes": [["q", 7]], "clbit_labels": [["c28", 0], ["c28", 1], ["c28", 2]], "memory_slots": 3, "creg_sizes": [["c28", 3]], "name": "('Z', 'Z', 'Z')", "global_phase": 0.0, "metadata": {}}, "data": {"counts": {"0x0": 39, "0x1": 4, "0x2": 573, "0x3": 97, "0x4": 527, "0x5": 52, "0x6": 5997, "0x7": 903}, "snapshots": null, "memory": null, "statevector": null, "unitary": null}}], "error": null}