{"backend_name": "ibmq_jakarta", "backend_version": "1.0.33", "qobj_id": "e9fe0214-9b59-4c71-8be4-57b464d88fcd", "job_id": "624f9cfba5d4eee96f77d418", "date": "2022-04-12T17:23:33Z", "success": true, "status": "Successful completion", "execution_id": "1f58816a-ba85-11ec-a4d8-bc97e15b08d0", "time_taken": 67.67129039764404, "header": {"backend_name": "ibmq_jakarta", "backend_version": "1.0.33"}, "results": [{"shots": 8192, "success": true, "status": null, "seed": null, "meas_level": 2, "meas_return": null, "header": {"qubit_labels": [["q", 0], ["q", 1], ["q", 2], ["q", 3], ["q", 4], ["q", 5], ["q", 6]], "n_qubits": 7, "qreg_sizes": [["q", 7]], "clbit_labels": [["c28", 0], ["c28", 1], ["c28", 2]], "memory_slots": 3, "creg_sizes": [["c28", 3]], "name": "('X', 'X', 'X')", "global_phase": 0.0, "metadata": {}}, "data": {"counts": {"0x0": 1523, "0x1": 793, "0x2": 1085, "0x3": 552, "0x4": 1774, "0x5": 863, "0x6": 1059, "0x7": 543}, "snapshots": null, "memory": null, "statevector": null, "unitary": null}}, {"shots": 8192, "success": true, "status": null, "seed": null, "meas_level": 2, "meas_return": null, "header": {"qubit_labels": [["q", 0], ["q", 1], ["q", 2], ["q", 3], ["q", 4], ["q", 5], ["q", 6]], "n_qubits": 7, "qreg_sizes": [["q", 7]], "clbit_labels": [["c28", 0], ["c28", 1], ["c28", 2]], "memory_slots": 3, "creg_sizes": [["c28", 3]], "name": "('X', 'X', 'Y')", "global_phase": 0.0, "metadata": {}}, "data": {"counts": {"0x0": 1608, "0x1": 723, "0x2": 1049, "0x3": 553, "0x4": 1692, "0x5": 935, "0x6": 1054, "0x7": 578}, "snapshots": null, "memory": null, "statevector": null, "unitary": null}}, {"shots": 8192, "success": true, "status": null, "seed": null, "meas_level": 2, "meas_return": null, "header": {"qubit_labels": [["q", 0], ["q", 1], ["q", 2], ["q", 3], ["q", 4], ["q", 5], ["q", 6]], "n_qubits": 7, "qreg_sizes": [["q", 7]], "clbit_labels": [["c28", 0], ["c28", 1], ["c28", 2]], "memory_slots": 3, "creg_sizes": [["c28", 3]], "name": "('X', 'X', 'Z')", "global_phase": 0.0, "metadata": {}}, "data": {"counts": {"0x0": 289, "0x1": 124, "0x2": 218, "0x3": 105, "0x4": 3017, "0x5": 1488, "0x6": 1914, "0x7": 1037}, "snapshots": null, "memory": null, "statevector": null, "unitary": null}}, {"shots": 8192, "success": true, "status": null, "seed": null, "meas_level": 2, "meas_return": null, "header": {"qubit_labels": [["q", 0], ["q", 1], ["q", 2], ["q", 3], ["q", 4], ["q", 5], ["q", 6]], "n_qubits": 7, "qreg_sizes": [["q", 7]], "clbit_labels": [["c28", 0], ["c28", 1], ["c28", 2]], "memory_slots": 3, "creg_sizes": [["c28", 3]], "name": "('X', 'Y', 'X')", "global_phase": 0.0, "metadata": {}}, "data": {"counts": {"0x0": 1337, "0x1": 663, "0x2": 1370, "0x3": 642, "0x4": 1424, "0x5": 726, "0x6": 1332, "0x7": 698}, "snapshots": null, "memory": null, "statevector": null, "unitary": null}}, {"shots": 8192, "success": true, "status": null, "seed": null, "meas_level": 2, "meas_return": null, "header": {"qubit_labels": [["q", 0], ["q", 1], ["q", 2], ["q", 3], ["q", 4], ["q", 5], ["q", 6]], "n_qubits": 7, "qreg_sizes": [["q", 7]], "clbit_labels": [["c28", 0], ["c28", 1], ["c28", 2]], "memory_slots": 3, "creg_sizes": [["c28", 3]], "name": "('X', 'Y', 'Y')", "global_phase": 0.0, "metadata": {}}, "data": {"counts": {"0x0": 1287, "0x1": 680, "0x2": 1304, "0x3": 635, "0x4": 1431, "0x5": 694, "0x6": 1460, "0x7": 701}, "snapshots": null, "memory": null, "statevector": null, "unitary": null}}, {"shots": 8192, "success": true, "status": null, "seed": null, "meas_level": 2, "meas_return": null, "header": {"qubit_labels": [["q", 0], ["q", 1], ["q", 2], ["q", 3], ["q", 4], ["q", 5], ["q", 6]], "n_qubits": 7, "qreg_sizes": [["q", 7]], "clbit_labels": [["c28", 0], ["c28", 1], ["c28", 2]], "memory_slots": 3, "creg_sizes": [["c28", 3]], "name": "('X', 'Y', 'Z')", "global_phase": 0.0, "metadata": {}}, "data": {"counts": {"0x0": 237, "0x1": 120, "0x2": 237, "0x3": 139, "0x4": 2455, "0x5": 1301, "0x6": 2419, "0x7": 1284}, "snapshots": null, "memory": null, "statevector": null, "unitary": null}}, {"shots": 8192, "success": true, "status": null, "seed": null, "meas_level": 2, "meas_return": null, "header": {"qubit_labels": [["q", 0], ["q", 1], ["q", 2], ["q", 3], ["q", 4], ["q", 5], ["q", 6]], "n_qubits": 7, "qreg_sizes": [["q", 7]], "clbit_labels": [["c28", 0], ["c28", 1], ["c28", 2]], "memory_slots": 3, "creg_sizes": [["c28", 3]], "name": "('X', 'Z', 'X')", "global_phase": 0.0, "metadata": {}}, "data": {"counts": {"0x0": 204, "0x1": 115, "0x2": 2431, "0x3": 1240, "0x4": 240, "0x5": 138, "0x6": 2552, "0x7": 1272}, "snapshots": null, "memory": null, "statevector": null, "unitary": null}}, {"shots": 8192, "success": true, "status": null, "seed": null, "meas_level": 2, "meas_return": null, "header": {"qubit_labels": [["q", 0], ["q", 1], ["q", 2], ["q", 3], ["q", 4], ["q", 5], ["q", 6]], "n_qubits": 7, "qreg_sizes": [["q", 7]], "clbit_labels": [["c28", 0], ["c28", 1], ["c28", 2]], "memory_slots": 3, "creg_sizes": [["c28", 3]], "name": "('X', 'Z', 'Y')", "global_phase": 0.0, "metadata": {}}, "data": {"counts": {"0x0": 229, "0x1": 110, "0x2": 2434, "0x3": 1196, "0x4": 236, "0x5": 127, "0x6": 2578, "0x7": 1282}, "snapshots": null, "memory": null, "statevector": null, "unitary": null}}, {"shots": 8192, "success": true, "status": null, "seed": null, "meas_level": 2, "meas_return": null, "header": {"qubit_labels": [["q", 0], ["q", 1], ["q", 2], ["q", 3], ["q", 4], ["q", 5], ["q", 6]], "n_qubits": 7, "qreg_sizes": [["q", 7]], "clbit_labels": [["c28", 0], ["c28", 1], ["c28", 2]], "memory_slots": 3, "creg_sizes": [["c28", 3]], "name": "('X', 'Z', 'Z')", "global_phase": 0.0, "metadata": {}}, "data": {"counts": {"0x0": 43, "0x1": 19, "0x2": 426, "0x3": 221, "0x4": 421, "0x5": 208, "0x6": 4607, "0x7": 2247}, "snapshots": null, "memory": null, "statevector": null, "unitary": null}}, {"shots": 8192, "success": true, "status": null, "seed": null, "meas_level": 2, "meas_return": null, "header": {"qubit_labels": [["q", 0], ["q", 1], ["q", 2], ["q", 3], ["q", 4], ["q", 5], ["q", 6]], "n_qubits": 7, "qreg_sizes": [["q", 7]], "clbit_labels": [["c28", 0], ["c28", 1], ["c28", 2]], "memory_slots": 3, "creg_sizes": [["c28", 3]], "name": "('Y', 'X', 'X')", "global_phase": 0.0, "metadata": {}}, "data": {"counts": {"0x0": 1408, "0x1": 873, "0x2": 1017, "0x3": 608, "0x4": 1682, "0x5": 973, "0x6": 983, "0x7": 648}, "snapshots": null, "memory": null, "statevector": null, "unitary": null}}, {"shots": 8192, "success": true, "status": null, "seed": null, "meas_level": 2, "meas_return": null, "header": {"qubit_labels": [["q", 0], ["q", 1], ["q", 2], ["q", 3], ["q", 4], ["q", 5], ["q", 6]], "n_qubits": 7, "qreg_sizes": [["q", 7]], "clbit_labels": [["c28", 0], ["c28", 1], ["c28", 2]], "memory_slots": 3, "creg_sizes": [["c28", 3]], "name": "('Y', 'X', 'Y')", "global_phase": 0.0, "metadata": {}}, "data": {"counts": {"0x0": 1494, "0x1": 811, "0x2": 975, "0x3": 619, "0x4": 1706, "0x5": 928, "0x6": 1009, "0x7": 650}, "snapshots": null, "memory": null, "statevector": null, "unitary": null}}, {"shots": 8192, "success": true, "status": null, "seed": null, "meas_level": 2, "meas_return": null, "header": {"qubit_labels": [["q", 0], ["q", 1], ["q", 2], ["q", 3], ["q", 4], ["q", 5], ["q", 6]], "n_qubits": 7, "qreg_sizes": [["q", 7]], "clbit_labels": [["c28", 0], ["c28", 1], ["c28", 2]], "memory_slots": 3, "creg_sizes": [["c28", 3]], "name": "('Y', 'X', 'Z')", "global_phase": 0.0, "metadata": {}}, "data": {"counts": {"0x0": 268, "0x1": 145, "0x2": 195, "0x3": 123, "0x4": 2922, "0x5": 1640, "0x6": 1825, "0x7": 1074}, "snapshots": null, "memory": null, "statevector": null, "unitary": null}}, {"shots": 8192, "success": true, "status": null, "seed": null, "meas_level": 2, "meas_return": null, "header": {"qubit_labels": [["q", 0], ["q", 1], ["q", 2], ["q", 3], ["q", 4], ["q", 5], ["q", 6]], "n_qubits": 7, "qreg_sizes": [["q", 7]], "clbit_labels": [["c28", 0], ["c28", 1], ["c28", 2]], "memory_slots": 3, "creg_sizes": [["c28", 3]], "name": "('Y', 'Y', 'X')", "global_phase": 0.0, "metadata": {}}, "data": {"counts": {"0x0": 1246, "0x1": 724, "0x2": 1276, "0x3": 741, "0x4": 1323, "0x5": 818, "0x6": 1299, "0x7": 765}, "snapshots": null, "memory": null, "statevector": null, "unitary": null}}, {"shots": 8192, "success": true, "status": null, "seed": null, "meas_level": 2, "meas_return": null, "header": {"qubit_labels": [["q", 0], ["q", 1], ["q", 2], ["q", 3], ["q", 4], ["q", 5], ["q", 6]], "n_qubits": 7, "qreg_sizes": [["q", 7]], "clbit_labels": [["c28", 0], ["c28", 1], ["c28", 2]], "memory_slots": 3, "creg_sizes": [["c28", 3]], "name": "('Y', 'Y', 'Y')", "global_phase": 0.0, "metadata": {}}, "data": {"counts": {"0x0": 1276, "0x1": 734, "0x2": 1181, "0x3": 679, "0x4": 1323, "0x5": 804, "0x6": 1405, "0x7": 790}, "snapshots": null, "memory": null, "statevector": null, "unitary": null}}, {"shots": 8192, "success": true, "status": null, "seed": null, "meas_level": 2, "meas_return": null, "header": {"qubit_labels": [["q", 0], ["q", 1], ["q", 2], ["q", 3], ["q", 4], ["q", 5], ["q", 6]], "n_qubits": 7, "qreg_sizes": [["q", 7]], "clbit_labels": [["c28", 0], ["c28", 1], ["c28", 2]], "memory_slots": 3, "creg_sizes": [["c28", 3]], "name": "('Y', 'Y', 'Z')", "global_phase": 0.0, "metadata": {}}, "data": {"counts": {"0x0": 223, "0x1": 149, "0x2": 238, "0x3": 131, "0x4": 2410, "0x5": 1394, "0x6": 2321, "0x7": 1326}, "snapshots": null, "memory": null, "statevector": null, "unitary": null}}, {"shots": 8192, "success": true, "status": null, "seed": null, "meas_level": 2, "meas_return": null, "header": {"qubit_labels": [["q", 0], ["q", 1], ["q", 2], ["q", 3], ["q", 4], ["q", 5], ["q", 6]], "n_qubits": 7, "qreg_sizes": [["q", 7]], "clbit_labels": [["c28", 0], ["c28", 1], ["c28", 2]], "memory_slots": 3, "creg_sizes": [["c28", 3]], "name": "('Y', 'Z', 'X')", "global_phase": 0.0, "metadata": {}}, "data": {"counts": {"0x0": 187, "0x1": 123, "0x2": 2372, "0x3": 1348, "0x4": 228, "0x5": 131, "0x6": 2415, "0x7": 1388}, "snapshots": null, "memory": null, "statevector": null, "unitary": null}}, {"shots": 8192, "success": true, "status": null, "seed": null, "meas_level": 2, "meas_return": null, "header": {"qubit_labels": [["q", 0], ["q", 1], ["q", 2], ["q", 3], ["q", 4], ["q", 5], ["q", 6]], "n_qubits": 7, "qreg_sizes": [["q", 7]], "clbit_labels": [["c28", 0], ["c28", 1], ["c28", 2]], "memory_slots": 3, "creg_sizes": [["c28", 3]], "name": "('Y', 'Z', 'Y')", "global_phase": 0.0, "metadata": {}}, "data": {"counts": {"0x0": 180, "0x1": 111, "0x2": 2244, "0x3": 1349, "0x4": 227, "0x5": 139, "0x6": 2547, "0x7": 1395}, "snapshots": null, "memory": null, "statevector": null, "unitary": null}}, {"shots": 8192, "success": true, "status": null, "seed": null, "meas_level": 2, "meas_return": null, "header": {"qubit_labels": [["q", 0], ["q", 1], ["q", 2], ["q", 3], ["q", 4], ["q", 5], ["q", 6]], "n_qubits": 7, "qreg_sizes": [["q", 7]], "clbit_labels": [["c28", 0], ["c28", 1], ["c28", 2]], "memory_slots": 3, "creg_sizes": [["c28", 3]], "name": "('Y', 'Z', 'Z')", "global_phase": 0.0, "metadata": {}}, "data": {"counts": {"0x0": 40, "0x1": 20, "0x2": 437, "0x3": 264, "0x4": 370, "0x5": 218, "0x6": 4331, "0x7": 2512}, "snapshots": null, "memory": null, "statevector": null, "unitary": null}}, {"shots": 8192, "success": true, "status": null, "seed": null, "meas_level": 2, "meas_return": null, "header": {"qubit_labels": [["q", 0], ["q", 1], ["q", 2], ["q", 3], ["q", 4], ["q", 5], ["q", 6]], "n_qubits": 7, "qreg_sizes": [["q", 7]], "clbit_labels": [["c28", 0], ["c28", 1], ["c28", 2]], "memory_slots": 3, "creg_sizes": [["c28", 3]], "name": "('Z', 'X', 'X')", "global_phase": 0.0, "metadata": {}}, "data": {"counts": {"0x0": 1947, "0x1": 393, "0x2": 1358, "0x3": 289, "0x4": 2157, "0x5": 422, "0x6": 1307, "0x7": 319}, "snapshots": null, "memory": null, "statevector": null, "unitary": null}}, {"shots": 8192, "success": true, "status": null, "seed": null, "meas_level": 2, "meas_return": null, "header": {"qubit_labels": [["q", 0], ["q", 1], ["q", 2], ["q", 3], ["q", 4], ["q", 5], ["q", 6]], "n_qubits": 7, "qreg_sizes": [["q", 7]], "clbit_labels": [["c28", 0], ["c28", 1], ["c28", 2]], "memory_slots": 3, "creg_sizes": [["c28", 3]], "name": "('Z', 'X', 'Y')", "global_phase": 0.0, "metadata": {}}, "data": {"counts": {"0x0": 1934, "0x1": 353, "0x2": 1297, "0x3": 287, "0x4": 2201, "0x5": 423, "0x6": 1403, "0x7": 294}, "snapshots": null, "memory": null, "statevector": null, "unitary": null}}, {"shots": 8192, "success": true, "status": null, "seed": null, "meas_level": 2, "meas_return": null, "header": {"qubit_labels": [["q", 0], ["q", 1], ["q", 2], ["q", 3], ["q", 4], ["q", 5], ["q", 6]], "n_qubits": 7, "qreg_sizes": [["q", 7]], "clbit_labels": [["c28", 0], ["c28", 1], ["c28", 2]], "memory_slots": 3, "creg_sizes": [["c28", 3]], "name": "('Z', 'X', 'Z')", "global_phase": 0.0, "metadata": {}}, "data": {"counts": {"0x0": 367, "0x1": 67, "0x2": 253, "0x3": 59, "0x4": 3841, "0x5": 674, "0x6": 2374, "0x7": 557}, "snapshots": null, "memory": null, "statevector": null, "unitary": null}}, {"shots": 8192, "success": true, "status": null, "seed": null, "meas_level": 2, "meas_return": null, "header": {"qubit_labels": [["q", 0], ["q", 1], ["q", 2], ["q", 3], ["q", 4], ["q", 5], ["q", 6]], "n_qubits": 7, "qreg_sizes": [["q", 7]], "clbit_labels": [["c28", 0], ["c28", 1], ["c28", 2]], "memory_slots": 3, "creg_sizes": [["c28", 3]], "name": "('Z', 'Y', 'X')", "global_phase": 0.0, "metadata": {}}, "data": {"counts": {"0x0": 1672, "0x1": 353, "0x2": 1722, "0x3": 296, "0x4": 1753, "0x5": 375, "0x6": 1673, "0x7": 348}, "snapshots": null, "memory": null, "statevector": null, "unitary": null}}, {"shots": 8192, "success": true, "status": null, "seed": null, "meas_level": 2, "meas_return": null, "header": {"qubit_labels": [["q", 0], ["q", 1], ["q", 2], ["q", 3], ["q", 4], ["q", 5], ["q", 6]], "n_qubits": 7, "qreg_sizes": [["q", 7]], "clbit_labels": [["c28", 0], ["c28", 1], ["c28", 2]], "memory_slots": 3, "creg_sizes": [["c28", 3]], "name": "('Z', 'Y', 'Y')", "global_phase": 0.0, "metadata": {}}, "data": {"counts": {"0x0": 1722, "0x1": 347, "0x2": 1585, "0x3": 311, "0x4": 1719, "0x5": 376, "0x6": 1785, "0x7": 347}, "snapshots": null, "memory": null, "statevector": null, "unitary": null}}, {"shots": 8192, "success": true, "status": null, "seed": null, "meas_level": 2, "meas_return": null, "header": {"qubit_labels": [["q", 0], ["q", 1], ["q", 2], ["q", 3], ["q", 4], ["q", 5], ["q", 6]], "n_qubits": 7, "qreg_sizes": [["q", 7]], "clbit_labels": [["c28", 0], ["c28", 1], ["c28", 2]], "memory_slots": 3, "creg_sizes": [["c28", 3]], "name": "('Z', 'Y', 'Z')", "global_phase": 0.0, "metadata": {}}, "data": {"counts": {"0x0": 312, "0x1": 57, "0x2": 311, "0x3": 58, "0x4": 3124, "0x5": 646, "0x6": 3118, "0x7": 566}, "snapshots": null, "memory": null, "statevector": null, "unitary": null}}, {"shots": 8192, "success": true, "status": null, "seed": null, "meas_level": 2, "meas_return": null, "header": {"qubit_labels": [["q", 0], ["q", 1], ["q", 2], ["q", 3], ["q", 4], ["q", 5], ["q", 6]], "n_qubits": 7, "qreg_sizes": [["q", 7]], "clbit_labels": [["c28", 0], ["c28", 1], ["c28", 2]], "memory_slots": 3, "creg_sizes": [["c28", 3]], "name": "('Z', 'Z', 'X')", "global_phase": 0.0, "metadata": {}}, "data": {"counts": {"0x0": 254, "0x1": 55, "0x2": 3114, "0x3": 633, "0x4": 280, "0x5": 51, "0x6": 3175, "0x7": 630}, "snapshots": null, "memory": null, "statevector": null, "unitary": null}}, {"shots": 8192, "success": true, "status": null, "seed": null, "meas_level": 2, "meas_return": null, "header": {"qubit_labels": [["q", 0], ["q", 1], ["q", 2], ["q", 3], ["q", 4], ["q", 5], ["q", 6]], "n_qubits": 7, "qreg_sizes": [["q", 7]], "clbit_labels": [["c28", 0], ["c28", 1], ["c28", 2]], "memory_slots": 3, "creg_sizes": [["c28", 3]], "name": "('Z', 'Z', 'Y')", "global_phase": 0.0, "metadata": {}}, "data": {"counts": {"0x0": 298, "0x1": 44, "0x2": 3018, "0x3": 585, "0x4": 283, "0x5": 50, "0x6": 3309, "0x7": 605}, "snapshots": null, "memory": null, "statevector": null, "unitary": null}}, {"shots": 8192, "success": true, "status": null, "seed": null, "meas_level": 2, "meas_return": null, "header": {"qubit_labels": [["q", 0], ["q", 1], ["q", 2], ["q", 3], ["q", 4], ["q", 5], ["q", 6]], "n_qubits": 7, "qreg_sizes": [["q", 7]], "clbit_labels": [["c28", 0], ["c28", 1], ["c28", 2]], "memory_slots": 3, "creg_sizes": [["c28", 3]], "name": "('Z', 'Z', 'Z')", "global_phase": 0.0, "metadata": {}}, "data": {"counts": {"0x0": 57, "0x1": 12, "0x2": 555, "0x3": 104, "0x4": 499, "0x5": 92, "0x6": 5702, "0x7": 1171}, "snapshots": null, "memory": null, "statevector": null, "unitary": null}}], "error": null}