{"backend_name": "ibmq_jakarta", "backend_version": "1.0.33", "qobj_id": "87608e03-379d-479b-b059-2dda275bf55c", "job_id": "624f9cfed72033220e67df37", "date": "2022-04-12T17:25:47Z", "success": true, "status": "Successful completion", "execution_id": "70035144-ba85-11ec-a4d8-bc97e15b08d0", "time_taken": 66.2968418598175, "header": {"backend_name": "ibmq_jakarta", "backend_version": "1.0.33"}, "results": [{"shots": 8192, "success": true, "status": null, "seed": null, "meas_level": 2, "meas_return": null, "header": {"qubit_labels": [["q", 0], ["q", 1], ["q", 2], ["q", 3], ["q", 4], ["q", 5], ["q", 6]], "n_qubits": 7, "qreg_sizes": [["q", 7]], "clbit_labels": [["c28", 0], ["c28", 1], ["c28", 2]], "memory_slots": 3, "creg_sizes": [["c28", 3]], "name": "('X', 'X', 'X')", "global_phase": 0.0, "metadata": {}}, "data": {"counts": {"0x0": 1541, "0x1": 780, "0x2": 1050, "0x3": 552, "0x4": 1710, "0x5": 887, "0x6": 1128, "0x7": 544}, "snapshots": null, "memory": null, "statevector": null, "unitary": null}}, {"shots": 8192, "success": true, "status": null, "seed": null, "meas_level": 2, "meas_return": null, "header": {"qubit_labels": [["q", 0], ["q", 1], ["q", 2], ["q", 3], ["q", 4], ["q", 5], ["q", 6]], "n_qubits": 7, "qreg_sizes": [["q", 7]], "clbit_labels": [["c28", 0], ["c28", 1], ["c28", 2]], "memory_slots": 3, "creg_sizes": [["c28", 3]], "name": "('X', 'X', 'Y')", "global_phase": 0.0, "metadata": {}}, "data": {"counts": {"0x0": 1523, "0x1": 819, "0x2": 1049, "0x3": 561, "0x4": 1726, "0x5": 895, "0x6": 1067, "0x7": 552}, "snapshots": null, "memory": null, "statevector": null, "unitary": null}}, {"shots": 8192, "success": true, "status": null, "seed": null, "meas_level": 2, "meas_return": null, "header": {"qubit_labels": [["q", 0], ["q", 1], ["q", 2], ["q", 3], ["q", 4], ["q", 5], ["q", 6]], "n_qubits": 7, "qreg_sizes": [["q", 7]], "clbit_labels": [["c28", 0], ["c28", 1], ["c28", 2]], "memory_slots": 3, "creg_sizes": [["c28", 3]], "name": "('X', 'X', 'Z')", "global_phase": 0.0, "metadata": {}}, "data": {"counts": {"0x0": 256, "0x1": 151, "0x2": 193, "0x3": 96, "0x4": 3009, "0x5": 1550, "0x6": 1966, "0x7": 971}, "snapshots": null, "memory": null, "statevector": null, "unitary": null}}, {"shots": 8192, "success": true, "status": null, "seed": null, "meas_level": 2, "meas_return": null, "header": {"qubit_labels": [["q", 0], ["q", 1], ["q", 2], ["q", 3], ["q", 4], ["q", 5], ["q", 6]], "n_qubits": 7, "qreg_sizes": [["q", 7]], "clbit_labels": [["c28", 0], ["c28", 1], ["c28", 2]], "memory_slots": 3, "creg_sizes": [["c28", 3]], "name": "('X', 'Y', 'X')", "global_phase": 0.0, "metadata": {}}, "data": {"counts": {"0x0": 1355, "0x1": 675, "0x2": 1286, "0x3": 650, "0x4": 1452, "0x5": 754, "0x6": 1328, "0x7": 692}, "snapshots": null, "memory": null, "statevector": null, "unitary": null}}, {"shots": 8192, "success": true, "status": null, "seed": null, "meas_level": 2, "meas_return": null, "header": {"qubit_labels": [["q", 0], ["q", 1], ["q", 2], ["q", 3], ["q", 4], ["q", 5], ["q", 6]], "n_qubits": 7, "qreg_sizes": [["q", 7]], "clbit_labels": [["c28", 0], ["c28", 1], ["c28", 2]], "memory_slots": 3, "creg_sizes": [["c28", 3]], "name": "('X', 'Y', 'Y')", "global_phase": 0.0, "metadata": {}}, "data": {"counts": {"0x0": 1370, "0x1": 645, "0x2": 1251, "0x3": 612, "0x4": 1431, "0x5": 736, "0x6": 1430, "0x7": 717}, "snapshots": null, "memory": null, "statevector": null, "unitary": null}}, {"shots": 8192, "success": true, "status": null, "seed": null, "meas_level": 2, "meas_return": null, "header": {"qubit_labels": [["q", 0], ["q", 1], ["q", 2], ["q", 3], ["q", 4], ["q", 5], ["q", 6]], "n_qubits": 7, "qreg_sizes": [["q", 7]], "clbit_labels": [["c28", 0], ["c28", 1], ["c28", 2]], "memory_slots": 3, "creg_sizes": [["c28", 3]], "name": "('X', 'Y', 'Z')", "global_phase": 0.0, "metadata": {}}, "data": {"counts": {"0x0": 229, "0x1": 132, "0x2": 244, "0x3": 110, "0x4": 2521, "0x5": 1324, "0x6": 2382, "0x7": 1250}, "snapshots": null, "memory": null, "statevector": null, "unitary": null}}, {"shots": 8192, "success": true, "status": null, "seed": null, "meas_level": 2, "meas_return": null, "header": {"qubit_labels": [["q", 0], ["q", 1], ["q", 2], ["q", 3], ["q", 4], ["q", 5], ["q", 6]], "n_qubits": 7, "qreg_sizes": [["q", 7]], "clbit_labels": [["c28", 0], ["c28", 1], ["c28", 2]], "memory_slots": 3, "creg_sizes": [["c28", 3]], "name": "('X', 'Z', 'X')", "global_phase": 0.0, "metadata": {}}, "data": {"counts": {"0x0": 169, "0x1": 104, "0x2": 2484, "0x3": 1256, "0x4": 241, "0x5": 106, "0x6": 2519, "0x7": 1313}, "snapshots": null, "memory": null, "statevector": null, "unitary": null}}, {"shots": 8192, "success": true, "status": null, "seed": null, "meas_level": 2, "meas_return": null, "header": {"qubit_labels": [["q", 0], ["q", 1], ["q", 2], ["q", 3], ["q", 4], ["q", 5], ["q", 6]], "n_qubits": 7, "qreg_sizes": [["q", 7]], "clbit_labels": [["c28", 0], ["c28", 1], ["c28", 2]], "memory_slots": 3, "creg_sizes": [["c28", 3]], "name": "('X', 'Z', 'Y')", "global_phase": 0.0, "metadata": {}}, "data": {"counts": {"0x0": 232, "0x1": 110, "0x2": 2353, "0x3": 1247, "0x4": 238, "0x5": 119, "0x6": 2562, "0x7": 1331}, "snapshots": null, "memory": null, "statevector": null, "unitary": null}}, {"shots": 8192, "success": true, "status": null, "seed": null, "meas_level": 2, "meas_return": null, "header": {"qubit_labels": [["q", 0], ["q", 1], ["q", 2], ["q", 3], ["q", 4], ["q", 5], ["q", 6]], "n_qubits": 7, "qreg_sizes": [["q", 7]], "clbit_labels": [["c28", 0], ["c28", 1], ["c28", 2]], "memory_slots": 3, "creg_sizes": [["c28", 3]], "name": "('X', 'Z', 'Z')", "global_phase": 0.0, "metadata": {}}, "data": {"counts": {"0x0": 61, "0x1": 21, "0x2": 407, "0x3": 204, "0x4": 441, "0x5": 218, "0x6": 4566, "0x7": 2274}, "snapshots": null, "memory": null, "statevector": null, "unitary": null}}, {"shots": 8192, "success": true, "status": null, "seed": null, "meas_level": 2, "meas_return": null, "header": {"qubit_labels": [["q", 0], ["q", 1], ["q", 2], ["q", 3], ["q", 4], ["q", 5], ["q", 6]], "n_qubits": 7, "qreg_sizes": [["q", 7]], "clbit_labels": [["c28", 0], ["c28", 1], ["c28", 2]], "memory_slots": 3, "creg_sizes": [["c28", 3]], "name": "('Y', 'X', 'X')", "global_phase": 0.0, "metadata": {}}, "data": {"counts": {"0x0": 1525, "0x1": 855, "0x2": 977, "0x3": 590, "0x4": 1689, "0x5": 935, "0x6": 1018, "0x7": 603}, "snapshots": null, "memory": null, "statevector": null, "unitary": null}}, {"shots": 8192, "success": true, "status": null, "seed": null, "meas_level": 2, "meas_return": null, "header": {"qubit_labels": [["q", 0], ["q", 1], ["q", 2], ["q", 3], ["q", 4], ["q", 5], ["q", 6]], "n_qubits": 7, "qreg_sizes": [["q", 7]], "clbit_labels": [["c28", 0], ["c28", 1], ["c28", 2]], "memory_slots": 3, "creg_sizes": [["c28", 3]], "name": "('Y', 'X', 'Y')", "global_phase": 0.0, "metadata": {}}, "data": {"counts": {"0x0": 1477, "0x1": 899, "0x2": 995, "0x3": 613, "0x4": 1639, "0x5": 955, "0x6": 1020, "0x7": 594}, "snapshots": null, "memory": null, "statevector": null, "unitary": null}}, {"shots": 8192, "success": true, "status": null, "seed": null, "meas_level": 2, "meas_return": null, "header": {"qubit_labels": [["q", 0], ["q", 1], ["q", 2], ["q", 3], ["q", 4], ["q", 5], ["q", 6]], "n_qubits": 7, "qreg_sizes": [["q", 7]], "clbit_labels": [["c28", 0], ["c28", 1], ["c28", 2]], "memory_slots": 3, "creg_sizes": [["c28", 3]], "name": "('Y', 'X', 'Z')", "global_phase": 0.0, "metadata": {}}, "data": {"counts": {"0x0": 260, "0x1": 129, "0x2": 209, "0x3": 111, "0x4": 2861, "0x5": 1762, "0x6": 1800, "0x7": 1060}, "snapshots": null, "memory": null, "statevector": null, "unitary": null}}, {"shots": 8192, "success": true, "status": null, "seed": null, "meas_level": 2, "meas_return": null, "header": {"qubit_labels": [["q", 0], ["q", 1], ["q", 2], ["q", 3], ["q", 4], ["q", 5], ["q", 6]], "n_qubits": 7, "qreg_sizes": [["q", 7]], "clbit_labels": [["c28", 0], ["c28", 1], ["c28", 2]], "memory_slots": 3, "creg_sizes": [["c28", 3]], "name": "('Y', 'Y', 'X')", "global_phase": 0.0, "metadata": {}}, "data": {"counts": {"0x0": 1229, "0x1": 746, "0x2": 1252, "0x3": 758, "0x4": 1336, "0x5": 795, "0x6": 1347, "0x7": 729}, "snapshots": null, "memory": null, "statevector": null, "unitary": null}}, {"shots": 8192, "success": true, "status": null, "seed": null, "meas_level": 2, "meas_return": null, "header": {"qubit_labels": [["q", 0], ["q", 1], ["q", 2], ["q", 3], ["q", 4], ["q", 5], ["q", 6]], "n_qubits": 7, "qreg_sizes": [["q", 7]], "clbit_labels": [["c28", 0], ["c28", 1], ["c28", 2]], "memory_slots": 3, "creg_sizes": [["c28", 3]], "name": "('Y', 'Y', 'Y')", "global_phase": 0.0, "metadata": {}}, "data": {"counts": {"0x0": 1239, "0x1": 697, "0x2": 1249, "0x3": 750, "0x4": 1363, "0x5": 835, "0x6": 1316, "0x7": 743}, "snapshots": null, "memory": null, "statevector": null, "unitary": null}}, {"shots": 8192, "success": true, "status": null, "seed": null, "meas_level": 2, "meas_return": null, "header": {"qubit_labels": [["q", 0], ["q", 1], ["q", 2], ["q", 3], ["q", 4], ["q", 5], ["q", 6]], "n_qubits": 7, "qreg_sizes": [["q", 7]], "clbit_labels": [["c28", 0], ["c28", 1], ["c28", 2]], "memory_slots": 3, "creg_sizes": [["c28", 3]], "name": "('Y', 'Y', 'Z')", "global_phase": 0.0, "metadata": {}}, "data": {"counts": {"0x0": 238, "0x1": 120, "0x2": 227, "0x3": 141, "0x4": 2366, "0x5": 1479, "0x6": 2276, "0x7": 1345}, "snapshots": null, "memory": null, "statevector": null, "unitary": null}}, {"shots": 8192, "success": true, "status": null, "seed": null, "meas_level": 2, "meas_return": null, "header": {"qubit_labels": [["q", 0], ["q", 1], ["q", 2], ["q", 3], ["q", 4], ["q", 5], ["q", 6]], "n_qubits": 7, "qreg_sizes": [["q", 7]], "clbit_labels": [["c28", 0], ["c28", 1], ["c28", 2]], "memory_slots": 3, "creg_sizes": [["c28", 3]], "name": "('Y', 'Z', 'X')", "global_phase": 0.0, "metadata": {}}, "data": {"counts": {"0x0": 211, "0x1": 98, "0x2": 2375, "0x3": 1358, "0x4": 208, "0x5": 132, "0x6": 2405, "0x7": 1405}, "snapshots": null, "memory": null, "statevector": null, "unitary": null}}, {"shots": 8192, "success": true, "status": null, "seed": null, "meas_level": 2, "meas_return": null, "header": {"qubit_labels": [["q", 0], ["q", 1], ["q", 2], ["q", 3], ["q", 4], ["q", 5], ["q", 6]], "n_qubits": 7, "qreg_sizes": [["q", 7]], "clbit_labels": [["c28", 0], ["c28", 1], ["c28", 2]], "memory_slots": 3, "creg_sizes": [["c28", 3]], "name": "('Y', 'Z', 'Y')", "global_phase": 0.0, "metadata": {}}, "data": {"counts": {"0x0": 224, "0x1": 125, "0x2": 2363, "0x3": 1362, "0x4": 187, "0x5": 112, "0x6": 2368, "0x7": 1451}, "snapshots": null, "memory": null, "statevector": null, "unitary": null}}, {"shots": 8192, "success": true, "status": null, "seed": null, "meas_level": 2, "meas_return": null, "header": {"qubit_labels": [["q", 0], ["q", 1], ["q", 2], ["q", 3], ["q", 4], ["q", 5], ["q", 6]], "n_qubits": 7, "qreg_sizes": [["q", 7]], "clbit_labels": [["c28", 0], ["c28", 1], ["c28", 2]], "memory_slots": 3, "creg_sizes": [["c28", 3]], "name": "('Y', 'Z', 'Z')", "global_phase": 0.0, "metadata": {}}, "data": {"counts": {"0x0": 29, "0x1": 26, "0x2": 444, "0x3": 242, "0x4": 409, "0x5": 213, "0x6": 4263, "0x7": 2566}, "snapshots": null, "memory": null, "statevector": null, "unitary": null}}, {"shots": 8192, "success": true, "status": null, "seed": null, "meas_level": 2, "meas_return": null, "header": {"qubit_labels": [["q", 0], ["q", 1], ["q", 2], ["q", 3], ["q", 4], ["q", 5], ["q", 6]], "n_qubits": 7, "qreg_sizes": [["q", 7]], "clbit_labels": [["c28", 0], ["c28", 1], ["c28", 2]], "memory_slots": 3, "creg_sizes": [["c28", 3]], "name": "('Z', 'X', 'X')", "global_phase": 0.0, "metadata": {}}, "data": {"counts": {"0x0": 2071, "0x1": 352, "0x2": 1352, "0x3": 261, "0x4": 2213, "0x5": 356, "0x6": 1321, "0x7": 266}, "snapshots": null, "memory": null, "statevector": null, "unitary": null}}, {"shots": 8192, "success": true, "status": null, "seed": null, "meas_level": 2, "meas_return": null, "header": {"qubit_labels": [["q", 0], ["q", 1], ["q", 2], ["q", 3], ["q", 4], ["q", 5], ["q", 6]], "n_qubits": 7, "qreg_sizes": [["q", 7]], "clbit_labels": [["c28", 0], ["c28", 1], ["c28", 2]], "memory_slots": 3, "creg_sizes": [["c28", 3]], "name": "('Z', 'X', 'Y')", "global_phase": 0.0, "metadata": {}}, "data": {"counts": {"0x0": 2043, "0x1": 300, "0x2": 1299, "0x3": 244, "0x4": 2279, "0x5": 344, "0x6": 1398, "0x7": 285}, "snapshots": null, "memory": null, "statevector": null, "unitary": null}}, {"shots": 8192, "success": true, "status": null, "seed": null, "meas_level": 2, "meas_return": null, "header": {"qubit_labels": [["q", 0], ["q", 1], ["q", 2], ["q", 3], ["q", 4], ["q", 5], ["q", 6]], "n_qubits": 7, "qreg_sizes": [["q", 7]], "clbit_labels": [["c28", 0], ["c28", 1], ["c28", 2]], "memory_slots": 3, "creg_sizes": [["c28", 3]], "name": "('Z', 'X', 'Z')", "global_phase": 0.0, "metadata": {}}, "data": {"counts": {"0x0": 315, "0x1": 68, "0x2": 287, "0x3": 56, "0x4": 3977, "0x5": 602, "0x6": 2434, "0x7": 453}, "snapshots": null, "memory": null, "statevector": null, "unitary": null}}, {"shots": 8192, "success": true, "status": null, "seed": null, "meas_level": 2, "meas_return": null, "header": {"qubit_labels": [["q", 0], ["q", 1], ["q", 2], ["q", 3], ["q", 4], ["q", 5], ["q", 6]], "n_qubits": 7, "qreg_sizes": [["q", 7]], "clbit_labels": [["c28", 0], ["c28", 1], ["c28", 2]], "memory_slots": 3, "creg_sizes": [["c28", 3]], "name": "('Z', 'Y', 'X')", "global_phase": 0.0, "metadata": {}}, "data": {"counts": {"0x0": 1699, "0x1": 297, "0x2": 1787, "0x3": 259, "0x4": 1858, "0x5": 315, "0x6": 1699, "0x7": 278}, "snapshots": null, "memory": null, "statevector": null, "unitary": null}}, {"shots": 8192, "success": true, "status": null, "seed": null, "meas_level": 2, "meas_return": null, "header": {"qubit_labels": [["q", 0], ["q", 1], ["q", 2], ["q", 3], ["q", 4], ["q", 5], ["q", 6]], "n_qubits": 7, "qreg_sizes": [["q", 7]], "clbit_labels": [["c28", 0], ["c28", 1], ["c28", 2]], "memory_slots": 3, "creg_sizes": [["c28", 3]], "name": "('Z', 'Y', 'Y')", "global_phase": 0.0, "metadata": {}}, "data": {"counts": {"0x0": 1711, "0x1": 320, "0x2": 1620, "0x3": 256, "0x4": 1826, "0x5": 335, "0x6": 1852, "0x7": 272}, "snapshots": null, "memory": null, "statevector": null, "unitary": null}}, {"shots": 8192, "success": true, "status": null, "seed": null, "meas_level": 2, "meas_return": null, "header": {"qubit_labels": [["q", 0], ["q", 1], ["q", 2], ["q", 3], ["q", 4], ["q", 5], ["q", 6]], "n_qubits": 7, "qreg_sizes": [["q", 7]], "clbit_labels": [["c28", 0], ["c28", 1], ["c28", 2]], "memory_slots": 3, "creg_sizes": [["c28", 3]], "name": "('Z', 'Y', 'Z')", "global_phase": 0.0, "metadata": {}}, "data": {"counts": {"0x0": 257, "0x1": 46, "0x2": 331, "0x3": 61, "0x4": 3274, "0x5": 625, "0x6": 3126, "0x7": 472}, "snapshots": null, "memory": null, "statevector": null, "unitary": null}}, {"shots": 8192, "success": true, "status": null, "seed": null, "meas_level": 2, "meas_return": null, "header": {"qubit_labels": [["q", 0], ["q", 1], ["q", 2], ["q", 3], ["q", 4], ["q", 5], ["q", 6]], "n_qubits": 7, "qreg_sizes": [["q", 7]], "clbit_labels": [["c28", 0], ["c28", 1], ["c28", 2]], "memory_slots": 3, "creg_sizes": [["c28", 3]], "name": "('Z', 'Z', 'X')", "global_phase": 0.0, "metadata": {}}, "data": {"counts": {"0x0": 266, "0x1": 35, "0x2": 3189, "0x3": 513, "0x4": 302, "0x5": 48, "0x6": 3261, "0x7": 578}, "snapshots": null, "memory": null, "statevector": null, "unitary": null}}, {"shots": 8192, "success": true, "status": null, "seed": null, "meas_level": 2, "meas_return": null, "header": {"qubit_labels": [["q", 0], ["q", 1], ["q", 2], ["q", 3], ["q", 4], ["q", 5], ["q", 6]], "n_qubits": 7, "qreg_sizes": [["q", 7]], "clbit_labels": [["c28", 0], ["c28", 1], ["c28", 2]], "memory_slots": 3, "creg_sizes": [["c28", 3]], "name": "('Z', 'Z', 'Y')", "global_phase": 0.0, "metadata": {}}, "data": {"counts": {"0x0": 252, "0x1": 38, "0x2": 3106, "0x3": 544, "0x4": 285, "0x5": 49, "0x6": 3337, "0x7": 581}, "snapshots": null, "memory": null, "statevector": null, "unitary": null}}, {"shots": 8192, "success": true, "status": null, "seed": null, "meas_level": 2, "meas_return": null, "header": {"qubit_labels": [["q", 0], ["q", 1], ["q", 2], ["q", 3], ["q", 4], ["q", 5], ["q", 6]], "n_qubits": 7, "qreg_sizes": [["q", 7]], "clbit_labels": [["c28", 0], ["c28", 1], ["c28", 2]], "memory_slots": 3, "creg_sizes": [["c28", 3]], "name": "('Z', 'Z', 'Z')", "global_phase": 0.0, "metadata": {}}, "data": {"counts": {"0x0": 50, "0x1": 7, "0x2": 576, "0x3": 93, "0x4": 540, "0x5": 80, "0x6": 5885, "0x7": 961}, "snapshots": null, "memory": null, "statevector": null, "unitary": null}}], "error": null}