{"qobj_id": "a7266d33-a640-4339-a0cb-80a5a23401c1", "header": {"backend_name": "ibmq_jakarta", "backend_version": "1.0.33"}, "config": {"shots": 8192, "memory": false, "parameter_binds": [], "meas_level": 2, "n_qubits": 7, "rep_delay": 250.0, "init_qubits": true, "use_measure_esp": false, "parametric_pulses": ["gaussian", "gaussian_square", "drag", "constant"], "memory_slots": 3}, "schema_version": "1.3.0", "type": "QASM", "experiments": [{"config": {"n_qubits": 7, "memory_slots": 3}, "header": {"qubit_labels": [["q", 0], ["q", 1], ["q", 2], ["q", 3], ["q", 4], ["q", 5], ["q", 6]], "n_qubits": 7, "qreg_sizes": [["q", 7]], "clbit_labels": [["c28", 0], ["c28", 1], ["c28", 2]], "memory_slots": 3, "creg_sizes": [["c28", 3]], "name": "('X', 'X', 'X')", "global_phase": 0.0, "metadata": {}}, "instructions": [{"name": "rz", "params": [-1.6373644905707199], "qubits": [3]}, {"name": "sx", "qubits": [3]}, {"name": "rz", "params": [1.5707963267948966], "qubits": [3]}, {"name": "cx", "qubits": [1, 3]}, {"name": "x", "qubits": [1]}, {"name": "rz", "params": [-1.570796326794894], "qubits": [1]}, {"name": "rz", "params": [1.5707963267948948], "qubits": [3]}, {"name": "sx", "qubits": [3]}, {"name": "rz", "params": [-1.570796326794895], "qubits": [3]}, {"name": "rz", "params": [-1.6373644905707199], "qubits": [5]}, {"name": "sx", "qubits": [5]}, {"name": "rz", "params": [1.5707963267948921], "qubits": [5]}, {"name": "cx", "qubits": [3, 5]}, {"name": "sx", "qubits": [3]}, {"name": "rz", "params": [1.5707963267948948], "qubits": [3]}, {"name": "cx", "qubits": [1, 3]}, {"name": "x", "qubits": [1]}, {"name": "rz", "params": [1.5707963267948948], "qubits": [1]}, {"name": "rz", "params": [-1.5707963267948983], "qubits": [3]}, {"name": "sx", "qubits": [3]}, {"name": "rz", "params": [-1.5707963267948797], "qubits": [5]}, {"name": "sx", "qubits": [5]}, {"name": "rz", "params": [-0.13313632755164484], "qubits": [5]}, {"name": "sx", "qubits": [5]}, {"name": "rz", "params": [1.5707963267949152], "qubits": [5]}, {"name": "cx", "qubits": [3, 5]}, {"name": "sx", "qubits": [3]}, {"name": "rz", "params": [-1.5707963267948983], "qubits": [3]}, {"name": "cx", "qubits": [1, 3]}, {"name": "rz", "params": [-1.5707963267948983], "qubits": [3]}, {"name": "sx", "qubits": [3]}, {"name": "rz", "params": [-0.1331363275516435], "qubits": [3]}, {"name": "rz", "params": [1.570796326794893], "qubits": [5]}, {"name": "sx", "qubits": [5]}, {"name": "rz", "params": [-1.4376599992432535], "qubits": [5]}, {"name": "sx", "qubits": [5]}, {"name": "rz", "params": [-1.5707963267948957], "qubits": [5]}, {"name": "cx", "qubits": [3, 5]}, {"name": "sx", "qubits": [3]}, {"name": "rz", "params": [1.5707963267948974], "qubits": [3]}, {"name": "cx", "qubits": [1, 3]}, {"name": "rz", "params": [1.5707963267948974], "qubits": [3]}, {"name": "sx", "qubits": [3]}, {"name": "rz", "params": [0.06656816377582153], "qubits": [3]}, {"name": "sx", "qubits": [5]}, {"name": "cx", "qubits": [3, 5]}, {"name": "rz", "params": [-1.570796326794896], "qubits": [5]}, {"name": "sx", "qubits": [5]}, {"name": "rz", "params": [-1.6373644905707199], "qubits": [5]}, {"name": "barrier", "qubits": [0, 1, 2, 3, 4, 5, 6]}, {"name": "rz", "params": [1.5707963267948966], "qubits": [1]}, {"name": "sx", "qubits": [1]}, {"name": "rz", "params": [1.5707963267948966], "qubits": [1]}, {"name": "rz", "params": [1.5707963267948966], "qubits": [3]}, {"name": "sx", "qubits": [3]}, {"name": "rz", "params": [1.5707963267948966], "qubits": [3]}, {"name": "rz", "params": [1.5707963267948966], "qubits": [5]}, {"name": "sx", "qubits": [5]}, {"name": "rz", "params": [1.5707963267948966], "qubits": [5]}, {"name": "measure", "qubits": [1], "memory": [0]}, {"name": "measure", "qubits": [3], "memory": [1]}, {"name": "measure", "qubits": [5], "memory": [2]}]}, {"config": {"n_qubits": 7, "memory_slots": 3}, "header": {"qubit_labels": [["q", 0], ["q", 1], ["q", 2], ["q", 3], ["q", 4], ["q", 5], ["q", 6]], "n_qubits": 7, "qreg_sizes": [["q", 7]], "clbit_labels": [["c28", 0], ["c28", 1], ["c28", 2]], "memory_slots": 3, "creg_sizes": [["c28", 3]], "name": "('X', 'X', 'Y')", "global_phase": 0.0, "metadata": {}}, "instructions": [{"name": "rz", "params": [-1.6373644905707199], "qubits": [3]}, {"name": "sx", "qubits": [3]}, {"name": "rz", "params": [1.5707963267948966], "qubits": [3]}, {"name": "cx", "qubits": [1, 3]}, {"name": "x", "qubits": [1]}, {"name": "rz", "params": [-1.570796326794894], "qubits": [1]}, {"name": "rz", "params": [1.5707963267948948], "qubits": [3]}, {"name": "sx", "qubits": [3]}, {"name": "rz", "params": [-1.570796326794895], "qubits": [3]}, {"name": "rz", "params": [-1.6373644905707199], "qubits": [5]}, {"name": "sx", "qubits": [5]}, {"name": "rz", "params": [1.5707963267948921], "qubits": [5]}, {"name": "cx", "qubits": [3, 5]}, {"name": "sx", "qubits": [3]}, {"name": "rz", "params": [1.5707963267948948], "qubits": [3]}, {"name": "cx", "qubits": [1, 3]}, {"name": "x", "qubits": [1]}, {"name": "rz", "params": [1.5707963267948948], "qubits": [1]}, {"name": "rz", "params": [-1.5707963267948983], "qubits": [3]}, {"name": "sx", "qubits": [3]}, {"name": "rz", "params": [-1.5707963267948797], "qubits": [5]}, {"name": "sx", "qubits": [5]}, {"name": "rz", "params": [-0.13313632755164484], "qubits": [5]}, {"name": "sx", "qubits": [5]}, {"name": "rz", "params": [1.5707963267949152], "qubits": [5]}, {"name": "cx", "qubits": [3, 5]}, {"name": "sx", "qubits": [3]}, {"name": "rz", "params": [-1.5707963267948983], "qubits": [3]}, {"name": "cx", "qubits": [1, 3]}, {"name": "rz", "params": [-1.5707963267948983], "qubits": [3]}, {"name": "sx", "qubits": [3]}, {"name": "rz", "params": [-0.1331363275516435], "qubits": [3]}, {"name": "rz", "params": [1.570796326794893], "qubits": [5]}, {"name": "sx", "qubits": [5]}, {"name": "rz", "params": [-1.4376599992432535], "qubits": [5]}, {"name": "sx", "qubits": [5]}, {"name": "rz", "params": [-1.5707963267948957], "qubits": [5]}, {"name": "cx", "qubits": [3, 5]}, {"name": "sx", "qubits": [3]}, {"name": "rz", "params": [1.5707963267948974], "qubits": [3]}, {"name": "cx", "qubits": [1, 3]}, {"name": "rz", "params": [1.5707963267948974], "qubits": [3]}, {"name": "sx", "qubits": [3]}, {"name": "rz", "params": [0.06656816377582153], "qubits": [3]}, {"name": "sx", "qubits": [5]}, {"name": "cx", "qubits": [3, 5]}, {"name": "rz", "params": [-1.570796326794896], "qubits": [5]}, {"name": "sx", "qubits": [5]}, {"name": "rz", "params": [-1.6373644905707199], "qubits": [5]}, {"name": "barrier", "qubits": [0, 1, 2, 3, 4, 5, 6]}, {"name": "rz", "params": [1.5707963267948966], "qubits": [1]}, {"name": "sx", "qubits": [1]}, {"name": "rz", "params": [1.5707963267948966], "qubits": [1]}, {"name": "rz", "params": [1.5707963267948966], "qubits": [3]}, {"name": "sx", "qubits": [3]}, {"name": "rz", "params": [1.5707963267948966], "qubits": [3]}, {"name": "sx", "qubits": [5]}, {"name": "rz", "params": [1.5707963267948966], "qubits": [5]}, {"name": "measure", "qubits": [1], "memory": [0]}, {"name": "measure", "qubits": [3], "memory": [1]}, {"name": "measure", "qubits": [5], "memory": [2]}]}, {"config": {"n_qubits": 7, "memory_slots": 3}, "header": {"qubit_labels": [["q", 0], ["q", 1], ["q", 2], ["q", 3], ["q", 4], ["q", 5], ["q", 6]], "n_qubits": 7, "qreg_sizes": [["q", 7]], "clbit_labels": [["c28", 0], ["c28", 1], ["c28", 2]], "memory_slots": 3, "creg_sizes": [["c28", 3]], "name": "('X', 'X', 'Z')", "global_phase": 0.0, "metadata": {}}, "instructions": [{"name": "rz", "params": [-1.6373644905707199], "qubits": [3]}, {"name": "sx", "qubits": [3]}, {"name": "rz", "params": [1.5707963267948966], "qubits": [3]}, {"name": "cx", "qubits": [1, 3]}, {"name": "x", "qubits": [1]}, {"name": "rz", "params": [-1.570796326794894], "qubits": [1]}, {"name": "rz", "params": [1.5707963267948948], "qubits": [3]}, {"name": "sx", "qubits": [3]}, {"name": "rz", "params": [-1.570796326794895], "qubits": [3]}, {"name": "rz", "params": [-1.6373644905707199], "qubits": [5]}, {"name": "sx", "qubits": [5]}, {"name": "rz", "params": [1.5707963267948921], "qubits": [5]}, {"name": "cx", "qubits": [3, 5]}, {"name": "sx", "qubits": [3]}, {"name": "rz", "params": [1.5707963267948948], "qubits": [3]}, {"name": "cx", "qubits": [1, 3]}, {"name": "x", "qubits": [1]}, {"name": "rz", "params": [1.5707963267948948], "qubits": [1]}, {"name": "rz", "params": [-1.5707963267948983], "qubits": [3]}, {"name": "sx", "qubits": [3]}, {"name": "rz", "params": [-1.5707963267948797], "qubits": [5]}, {"name": "sx", "qubits": [5]}, {"name": "rz", "params": [-0.13313632755164484], "qubits": [5]}, {"name": "sx", "qubits": [5]}, {"name": "rz", "params": [1.5707963267949152], "qubits": [5]}, {"name": "cx", "qubits": [3, 5]}, {"name": "sx", "qubits": [3]}, {"name": "rz", "params": [-1.5707963267948983], "qubits": [3]}, {"name": "cx", "qubits": [1, 3]}, {"name": "rz", "params": [-1.5707963267948983], "qubits": [3]}, {"name": "sx", "qubits": [3]}, {"name": "rz", "params": [-0.1331363275516435], "qubits": [3]}, {"name": "rz", "params": [1.570796326794893], "qubits": [5]}, {"name": "sx", "qubits": [5]}, {"name": "rz", "params": [-1.4376599992432535], "qubits": [5]}, {"name": "sx", "qubits": [5]}, {"name": "rz", "params": [-1.5707963267948957], "qubits": [5]}, {"name": "cx", "qubits": [3, 5]}, {"name": "sx", "qubits": [3]}, {"name": "rz", "params": [1.5707963267948974], "qubits": [3]}, {"name": "cx", "qubits": [1, 3]}, {"name": "rz", "params": [1.5707963267948974], "qubits": [3]}, {"name": "sx", "qubits": [3]}, {"name": "rz", "params": [0.06656816377582153], "qubits": [3]}, {"name": "sx", "qubits": [5]}, {"name": "cx", "qubits": [3, 5]}, {"name": "rz", "params": [-1.570796326794896], "qubits": [5]}, {"name": "sx", "qubits": [5]}, {"name": "rz", "params": [-1.6373644905707199], "qubits": [5]}, {"name": "barrier", "qubits": [0, 1, 2, 3, 4, 5, 6]}, {"name": "rz", "params": [1.5707963267948966], "qubits": [1]}, {"name": "sx", "qubits": [1]}, {"name": "rz", "params": [1.5707963267948966], "qubits": [1]}, {"name": "rz", "params": [1.5707963267948966], "qubits": [3]}, {"name": "sx", "qubits": [3]}, {"name": "rz", "params": [1.5707963267948966], "qubits": [3]}, {"name": "measure", "qubits": [1], "memory": [0]}, {"name": "measure", "qubits": [3], "memory": [1]}, {"name": "measure", "qubits": [5], "memory": [2]}]}, {"config": {"n_qubits": 7, "memory_slots": 3}, "header": {"qubit_labels": [["q", 0], ["q", 1], ["q", 2], ["q", 3], ["q", 4], ["q", 5], ["q", 6]], "n_qubits": 7, "qreg_sizes": [["q", 7]], "clbit_labels": [["c28", 0], ["c28", 1], ["c28", 2]], "memory_slots": 3, "creg_sizes": [["c28", 3]], "name": "('X', 'Y', 'X')", "global_phase": 0.0, "metadata": {}}, "instructions": [{"name": "rz", "params": [-1.6373644905707199], "qubits": [3]}, {"name": "sx", "qubits": [3]}, {"name": "rz", "params": [1.5707963267948966], "qubits": [3]}, {"name": "cx", "qubits": [1, 3]}, {"name": "x", "qubits": [1]}, {"name": "rz", "params": [-1.570796326794894], "qubits": [1]}, {"name": "rz", "params": [1.5707963267948948], "qubits": [3]}, {"name": "sx", "qubits": [3]}, {"name": "rz", "params": [-1.570796326794895], "qubits": [3]}, {"name": "rz", "params": [-1.6373644905707199], "qubits": [5]}, {"name": "sx", "qubits": [5]}, {"name": "rz", "params": [1.5707963267948921], "qubits": [5]}, {"name": "cx", "qubits": [3, 5]}, {"name": "sx", "qubits": [3]}, {"name": "rz", "params": [1.5707963267948948], "qubits": [3]}, {"name": "cx", "qubits": [1, 3]}, {"name": "x", "qubits": [1]}, {"name": "rz", "params": [1.5707963267948948], "qubits": [1]}, {"name": "rz", "params": [-1.5707963267948983], "qubits": [3]}, {"name": "sx", "qubits": [3]}, {"name": "rz", "params": [-1.5707963267948797], "qubits": [5]}, {"name": "sx", "qubits": [5]}, {"name": "rz", "params": [-0.13313632755164484], "qubits": [5]}, {"name": "sx", "qubits": [5]}, {"name": "rz", "params": [1.5707963267949152], "qubits": [5]}, {"name": "cx", "qubits": [3, 5]}, {"name": "sx", "qubits": [3]}, {"name": "rz", "params": [-1.5707963267948983], "qubits": [3]}, {"name": "cx", "qubits": [1, 3]}, {"name": "rz", "params": [-1.5707963267948983], "qubits": [3]}, {"name": "sx", "qubits": [3]}, {"name": "rz", "params": [-0.1331363275516435], "qubits": [3]}, {"name": "rz", "params": [1.570796326794893], "qubits": [5]}, {"name": "sx", "qubits": [5]}, {"name": "rz", "params": [-1.4376599992432535], "qubits": [5]}, {"name": "sx", "qubits": [5]}, {"name": "rz", "params": [-1.5707963267948957], "qubits": [5]}, {"name": "cx", "qubits": [3, 5]}, {"name": "sx", "qubits": [3]}, {"name": "rz", "params": [1.5707963267948974], "qubits": [3]}, {"name": "cx", "qubits": [1, 3]}, {"name": "rz", "params": [1.5707963267948974], "qubits": [3]}, {"name": "sx", "qubits": [3]}, {"name": "rz", "params": [0.06656816377582153], "qubits": [3]}, {"name": "sx", "qubits": [5]}, {"name": "cx", "qubits": [3, 5]}, {"name": "rz", "params": [-1.570796326794896], "qubits": [5]}, {"name": "sx", "qubits": [5]}, {"name": "rz", "params": [-1.6373644905707199], "qubits": [5]}, {"name": "barrier", "qubits": [0, 1, 2, 3, 4, 5, 6]}, {"name": "rz", "params": [1.5707963267948966], "qubits": [1]}, {"name": "sx", "qubits": [1]}, {"name": "rz", "params": [1.5707963267948966], "qubits": [1]}, {"name": "sx", "qubits": [3]}, {"name": "rz", "params": [1.5707963267948966], "qubits": [3]}, {"name": "rz", "params": [1.5707963267948966], "qubits": [5]}, {"name": "sx", "qubits": [5]}, {"name": "rz", "params": [1.5707963267948966], "qubits": [5]}, {"name": "measure", "qubits": [1], "memory": [0]}, {"name": "measure", "qubits": [3], "memory": [1]}, {"name": "measure", "qubits": [5], "memory": [2]}]}, {"config": {"n_qubits": 7, "memory_slots": 3}, "header": {"qubit_labels": [["q", 0], ["q", 1], ["q", 2], ["q", 3], ["q", 4], ["q", 5], ["q", 6]], "n_qubits": 7, "qreg_sizes": [["q", 7]], "clbit_labels": [["c28", 0], ["c28", 1], ["c28", 2]], "memory_slots": 3, "creg_sizes": [["c28", 3]], "name": "('X', 'Y', 'Y')", "global_phase": 0.0, "metadata": {}}, "instructions": [{"name": "rz", "params": [-1.6373644905707199], "qubits": [3]}, {"name": "sx", "qubits": [3]}, {"name": "rz", "params": [1.5707963267948966], "qubits": [3]}, {"name": "cx", "qubits": [1, 3]}, {"name": "x", "qubits": [1]}, {"name": "rz", "params": [-1.570796326794894], "qubits": [1]}, {"name": "rz", "params": [1.5707963267948948], "qubits": [3]}, {"name": "sx", "qubits": [3]}, {"name": "rz", "params": [-1.570796326794895], "qubits": [3]}, {"name": "rz", "params": [-1.6373644905707199], "qubits": [5]}, {"name": "sx", "qubits": [5]}, {"name": "rz", "params": [1.5707963267948921], "qubits": [5]}, {"name": "cx", "qubits": [3, 5]}, {"name": "sx", "qubits": [3]}, {"name": "rz", "params": [1.5707963267948948], "qubits": [3]}, {"name": "cx", "qubits": [1, 3]}, {"name": "x", "qubits": [1]}, {"name": "rz", "params": [1.5707963267948948], "qubits": [1]}, {"name": "rz", "params": [-1.5707963267948983], "qubits": [3]}, {"name": "sx", "qubits": [3]}, {"name": "rz", "params": [-1.5707963267948797], "qubits": [5]}, {"name": "sx", "qubits": [5]}, {"name": "rz", "params": [-0.13313632755164484], "qubits": [5]}, {"name": "sx", "qubits": [5]}, {"name": "rz", "params": [1.5707963267949152], "qubits": [5]}, {"name": "cx", "qubits": [3, 5]}, {"name": "sx", "qubits": [3]}, {"name": "rz", "params": [-1.5707963267948983], "qubits": [3]}, {"name": "cx", "qubits": [1, 3]}, {"name": "rz", "params": [-1.5707963267948983], "qubits": [3]}, {"name": "sx", "qubits": [3]}, {"name": "rz", "params": [-0.1331363275516435], "qubits": [3]}, {"name": "rz", "params": [1.570796326794893], "qubits": [5]}, {"name": "sx", "qubits": [5]}, {"name": "rz", "params": [-1.4376599992432535], "qubits": [5]}, {"name": "sx", "qubits": [5]}, {"name": "rz", "params": [-1.5707963267948957], "qubits": [5]}, {"name": "cx", "qubits": [3, 5]}, {"name": "sx", "qubits": [3]}, {"name": "rz", "params": [1.5707963267948974], "qubits": [3]}, {"name": "cx", "qubits": [1, 3]}, {"name": "rz", "params": [1.5707963267948974], "qubits": [3]}, {"name": "sx", "qubits": [3]}, {"name": "rz", "params": [0.06656816377582153], "qubits": [3]}, {"name": "sx", "qubits": [5]}, {"name": "cx", "qubits": [3, 5]}, {"name": "rz", "params": [-1.570796326794896], "qubits": [5]}, {"name": "sx", "qubits": [5]}, {"name": "rz", "params": [-1.6373644905707199], "qubits": [5]}, {"name": "barrier", "qubits": [0, 1, 2, 3, 4, 5, 6]}, {"name": "rz", "params": [1.5707963267948966], "qubits": [1]}, {"name": "sx", "qubits": [1]}, {"name": "rz", "params": [1.5707963267948966], "qubits": [1]}, {"name": "sx", "qubits": [3]}, {"name": "rz", "params": [1.5707963267948966], "qubits": [3]}, {"name": "sx", "qubits": [5]}, {"name": "rz", "params": [1.5707963267948966], "qubits": [5]}, {"name": "measure", "qubits": [1], "memory": [0]}, {"name": "measure", "qubits": [3], "memory": [1]}, {"name": "measure", "qubits": [5], "memory": [2]}]}, {"config": {"n_qubits": 7, "memory_slots": 3}, "header": {"qubit_labels": [["q", 0], ["q", 1], ["q", 2], ["q", 3], ["q", 4], ["q", 5], ["q", 6]], "n_qubits": 7, "qreg_sizes": [["q", 7]], "clbit_labels": [["c28", 0], ["c28", 1], ["c28", 2]], "memory_slots": 3, "creg_sizes": [["c28", 3]], "name": "('X', 'Y', 'Z')", "global_phase": 0.0, "metadata": {}}, "instructions": [{"name": "rz", "params": [-1.6373644905707199], "qubits": [3]}, {"name": "sx", "qubits": [3]}, {"name": "rz", "params": [1.5707963267948966], "qubits": [3]}, {"name": "cx", "qubits": [1, 3]}, {"name": "x", "qubits": [1]}, {"name": "rz", "params": [-1.570796326794894], "qubits": [1]}, {"name": "rz", "params": [1.5707963267948948], "qubits": [3]}, {"name": "sx", "qubits": [3]}, {"name": "rz", "params": [-1.570796326794895], "qubits": [3]}, {"name": "rz", "params": [-1.6373644905707199], "qubits": [5]}, {"name": "sx", "qubits": [5]}, {"name": "rz", "params": [1.5707963267948921], "qubits": [5]}, {"name": "cx", "qubits": [3, 5]}, {"name": "sx", "qubits": [3]}, {"name": "rz", "params": [1.5707963267948948], "qubits": [3]}, {"name": "cx", "qubits": [1, 3]}, {"name": "x", "qubits": [1]}, {"name": "rz", "params": [1.5707963267948948], "qubits": [1]}, {"name": "rz", "params": [-1.5707963267948983], "qubits": [3]}, {"name": "sx", "qubits": [3]}, {"name": "rz", "params": [-1.5707963267948797], "qubits": [5]}, {"name": "sx", "qubits": [5]}, {"name": "rz", "params": [-0.13313632755164484], "qubits": [5]}, {"name": "sx", "qubits": [5]}, {"name": "rz", "params": [1.5707963267949152], "qubits": [5]}, {"name": "cx", "qubits": [3, 5]}, {"name": "sx", "qubits": [3]}, {"name": "rz", "params": [-1.5707963267948983], "qubits": [3]}, {"name": "cx", "qubits": [1, 3]}, {"name": "rz", "params": [-1.5707963267948983], "qubits": [3]}, {"name": "sx", "qubits": [3]}, {"name": "rz", "params": [-0.1331363275516435], "qubits": [3]}, {"name": "rz", "params": [1.570796326794893], "qubits": [5]}, {"name": "sx", "qubits": [5]}, {"name": "rz", "params": [-1.4376599992432535], "qubits": [5]}, {"name": "sx", "qubits": [5]}, {"name": "rz", "params": [-1.5707963267948957], "qubits": [5]}, {"name": "cx", "qubits": [3, 5]}, {"name": "sx", "qubits": [3]}, {"name": "rz", "params": [1.5707963267948974], "qubits": [3]}, {"name": "cx", "qubits": [1, 3]}, {"name": "rz", "params": [1.5707963267948974], "qubits": [3]}, {"name": "sx", "qubits": [3]}, {"name": "rz", "params": [0.06656816377582153], "qubits": [3]}, {"name": "sx", "qubits": [5]}, {"name": "cx", "qubits": [3, 5]}, {"name": "rz", "params": [-1.570796326794896], "qubits": [5]}, {"name": "sx", "qubits": [5]}, {"name": "rz", "params": [-1.6373644905707199], "qubits": [5]}, {"name": "barrier", "qubits": [0, 1, 2, 3, 4, 5, 6]}, {"name": "rz", "params": [1.5707963267948966], "qubits": [1]}, {"name": "sx", "qubits": [1]}, {"name": "rz", "params": [1.5707963267948966], "qubits": [1]}, {"name": "sx", "qubits": [3]}, {"name": "rz", "params": [1.5707963267948966], "qubits": [3]}, {"name": "measure", "qubits": [1], "memory": [0]}, {"name": "measure", "qubits": [3], "memory": [1]}, {"name": "measure", "qubits": [5], "memory": [2]}]}, {"config": {"n_qubits": 7, "memory_slots": 3}, "header": {"qubit_labels": [["q", 0], ["q", 1], ["q", 2], ["q", 3], ["q", 4], ["q", 5], ["q", 6]], "n_qubits": 7, "qreg_sizes": [["q", 7]], "clbit_labels": [["c28", 0], ["c28", 1], ["c28", 2]], "memory_slots": 3, "creg_sizes": [["c28", 3]], "name": "('X', 'Z', 'X')", "global_phase": 0.0, "metadata": {}}, "instructions": [{"name": "rz", "params": [-1.6373644905707199], "qubits": [3]}, {"name": "sx", "qubits": [3]}, {"name": "rz", "params": [1.5707963267948966], "qubits": [3]}, {"name": "cx", "qubits": [1, 3]}, {"name": "x", "qubits": [1]}, {"name": "rz", "params": [-1.570796326794894], "qubits": [1]}, {"name": "rz", "params": [1.5707963267948948], "qubits": [3]}, {"name": "sx", "qubits": [3]}, {"name": "rz", "params": [-1.570796326794895], "qubits": [3]}, {"name": "rz", "params": [-1.6373644905707199], "qubits": [5]}, {"name": "sx", "qubits": [5]}, {"name": "rz", "params": [1.5707963267948921], "qubits": [5]}, {"name": "cx", "qubits": [3, 5]}, {"name": "sx", "qubits": [3]}, {"name": "rz", "params": [1.5707963267948948], "qubits": [3]}, {"name": "cx", "qubits": [1, 3]}, {"name": "x", "qubits": [1]}, {"name": "rz", "params": [1.5707963267948948], "qubits": [1]}, {"name": "rz", "params": [-1.5707963267948983], "qubits": [3]}, {"name": "sx", "qubits": [3]}, {"name": "rz", "params": [-1.5707963267948797], "qubits": [5]}, {"name": "sx", "qubits": [5]}, {"name": "rz", "params": [-0.13313632755164484], "qubits": [5]}, {"name": "sx", "qubits": [5]}, {"name": "rz", "params": [1.5707963267949152], "qubits": [5]}, {"name": "cx", "qubits": [3, 5]}, {"name": "sx", "qubits": [3]}, {"name": "rz", "params": [-1.5707963267948983], "qubits": [3]}, {"name": "cx", "qubits": [1, 3]}, {"name": "rz", "params": [-1.5707963267948983], "qubits": [3]}, {"name": "sx", "qubits": [3]}, {"name": "rz", "params": [-0.1331363275516435], "qubits": [3]}, {"name": "rz", "params": [1.570796326794893], "qubits": [5]}, {"name": "sx", "qubits": [5]}, {"name": "rz", "params": [-1.4376599992432535], "qubits": [5]}, {"name": "sx", "qubits": [5]}, {"name": "rz", "params": [-1.5707963267948957], "qubits": [5]}, {"name": "cx", "qubits": [3, 5]}, {"name": "sx", "qubits": [3]}, {"name": "rz", "params": [1.5707963267948974], "qubits": [3]}, {"name": "cx", "qubits": [1, 3]}, {"name": "rz", "params": [1.5707963267948974], "qubits": [3]}, {"name": "sx", "qubits": [3]}, {"name": "rz", "params": [0.06656816377582153], "qubits": [3]}, {"name": "sx", "qubits": [5]}, {"name": "cx", "qubits": [3, 5]}, {"name": "rz", "params": [-1.570796326794896], "qubits": [5]}, {"name": "sx", "qubits": [5]}, {"name": "rz", "params": [-1.6373644905707199], "qubits": [5]}, {"name": "barrier", "qubits": [0, 1, 2, 3, 4, 5, 6]}, {"name": "rz", "params": [1.5707963267948966], "qubits": [1]}, {"name": "sx", "qubits": [1]}, {"name": "rz", "params": [1.5707963267948966], "qubits": [1]}, {"name": "rz", "params": [1.5707963267948966], "qubits": [5]}, {"name": "sx", "qubits": [5]}, {"name": "rz", "params": [1.5707963267948966], "qubits": [5]}, {"name": "measure", "qubits": [1], "memory": [0]}, {"name": "measure", "qubits": [3], "memory": [1]}, {"name": "measure", "qubits": [5], "memory": [2]}]}, {"config": {"n_qubits": 7, "memory_slots": 3}, "header": {"qubit_labels": [["q", 0], ["q", 1], ["q", 2], ["q", 3], ["q", 4], ["q", 5], ["q", 6]], "n_qubits": 7, "qreg_sizes": [["q", 7]], "clbit_labels": [["c28", 0], ["c28", 1], ["c28", 2]], "memory_slots": 3, "creg_sizes": [["c28", 3]], "name": "('X', 'Z', 'Y')", "global_phase": 0.0, "metadata": {}}, "instructions": [{"name": "rz", "params": [-1.6373644905707199], "qubits": [3]}, {"name": "sx", "qubits": [3]}, {"name": "rz", "params": [1.5707963267948966], "qubits": [3]}, {"name": "cx", "qubits": [1, 3]}, {"name": "x", "qubits": [1]}, {"name": "rz", "params": [-1.570796326794894], "qubits": [1]}, {"name": "rz", "params": [1.5707963267948948], "qubits": [3]}, {"name": "sx", "qubits": [3]}, {"name": "rz", "params": [-1.570796326794895], "qubits": [3]}, {"name": "rz", "params": [-1.6373644905707199], "qubits": [5]}, {"name": "sx", "qubits": [5]}, {"name": "rz", "params": [1.5707963267948921], "qubits": [5]}, {"name": "cx", "qubits": [3, 5]}, {"name": "sx", "qubits": [3]}, {"name": "rz", "params": [1.5707963267948948], "qubits": [3]}, {"name": "cx", "qubits": [1, 3]}, {"name": "x", "qubits": [1]}, {"name": "rz", "params": [1.5707963267948948], "qubits": [1]}, {"name": "rz", "params": [-1.5707963267948983], "qubits": [3]}, {"name": "sx", "qubits": [3]}, {"name": "rz", "params": [-1.5707963267948797], "qubits": [5]}, {"name": "sx", "qubits": [5]}, {"name": "rz", "params": [-0.13313632755164484], "qubits": [5]}, {"name": "sx", "qubits": [5]}, {"name": "rz", "params": [1.5707963267949152], "qubits": [5]}, {"name": "cx", "qubits": [3, 5]}, {"name": "sx", "qubits": [3]}, {"name": "rz", "params": [-1.5707963267948983], "qubits": [3]}, {"name": "cx", "qubits": [1, 3]}, {"name": "rz", "params": [-1.5707963267948983], "qubits": [3]}, {"name": "sx", "qubits": [3]}, {"name": "rz", "params": [-0.1331363275516435], "qubits": [3]}, {"name": "rz", "params": [1.570796326794893], "qubits": [5]}, {"name": "sx", "qubits": [5]}, {"name": "rz", "params": [-1.4376599992432535], "qubits": [5]}, {"name": "sx", "qubits": [5]}, {"name": "rz", "params": [-1.5707963267948957], "qubits": [5]}, {"name": "cx", "qubits": [3, 5]}, {"name": "sx", "qubits": [3]}, {"name": "rz", "params": [1.5707963267948974], "qubits": [3]}, {"name": "cx", "qubits": [1, 3]}, {"name": "rz", "params": [1.5707963267948974], "qubits": [3]}, {"name": "sx", "qubits": [3]}, {"name": "rz", "params": [0.06656816377582153], "qubits": [3]}, {"name": "sx", "qubits": [5]}, {"name": "cx", "qubits": [3, 5]}, {"name": "rz", "params": [-1.570796326794896], "qubits": [5]}, {"name": "sx", "qubits": [5]}, {"name": "rz", "params": [-1.6373644905707199], "qubits": [5]}, {"name": "barrier", "qubits": [0, 1, 2, 3, 4, 5, 6]}, {"name": "rz", "params": [1.5707963267948966], "qubits": [1]}, {"name": "sx", "qubits": [1]}, {"name": "rz", "params": [1.5707963267948966], "qubits": [1]}, {"name": "sx", "qubits": [5]}, {"name": "rz", "params": [1.5707963267948966], "qubits": [5]}, {"name": "measure", "qubits": [1], "memory": [0]}, {"name": "measure", "qubits": [3], "memory": [1]}, {"name": "measure", "qubits": [5], "memory": [2]}]}, {"config": {"n_qubits": 7, "memory_slots": 3}, "header": {"qubit_labels": [["q", 0], ["q", 1], ["q", 2], ["q", 3], ["q", 4], ["q", 5], ["q", 6]], "n_qubits": 7, "qreg_sizes": [["q", 7]], "clbit_labels": [["c28", 0], ["c28", 1], ["c28", 2]], "memory_slots": 3, "creg_sizes": [["c28", 3]], "name": "('X', 'Z', 'Z')", "global_phase": 0.0, "metadata": {}}, "instructions": [{"name": "rz", "params": [-1.6373644905707199], "qubits": [3]}, {"name": "sx", "qubits": [3]}, {"name": "rz", "params": [1.5707963267948966], "qubits": [3]}, {"name": "cx", "qubits": [1, 3]}, {"name": "x", "qubits": [1]}, {"name": "rz", "params": [-1.570796326794894], "qubits": [1]}, {"name": "rz", "params": [1.5707963267948948], "qubits": [3]}, {"name": "sx", "qubits": [3]}, {"name": "rz", "params": [-1.570796326794895], "qubits": [3]}, {"name": "rz", "params": [-1.6373644905707199], "qubits": [5]}, {"name": "sx", "qubits": [5]}, {"name": "rz", "params": [1.5707963267948921], "qubits": [5]}, {"name": "cx", "qubits": [3, 5]}, {"name": "sx", "qubits": [3]}, {"name": "rz", "params": [1.5707963267948948], "qubits": [3]}, {"name": "cx", "qubits": [1, 3]}, {"name": "x", "qubits": [1]}, {"name": "rz", "params": [1.5707963267948948], "qubits": [1]}, {"name": "rz", "params": [-1.5707963267948983], "qubits": [3]}, {"name": "sx", "qubits": [3]}, {"name": "rz", "params": [-1.5707963267948797], "qubits": [5]}, {"name": "sx", "qubits": [5]}, {"name": "rz", "params": [-0.13313632755164484], "qubits": [5]}, {"name": "sx", "qubits": [5]}, {"name": "rz", "params": [1.5707963267949152], "qubits": [5]}, {"name": "cx", "qubits": [3, 5]}, {"name": "sx", "qubits": [3]}, {"name": "rz", "params": [-1.5707963267948983], "qubits": [3]}, {"name": "cx", "qubits": [1, 3]}, {"name": "rz", "params": [-1.5707963267948983], "qubits": [3]}, {"name": "sx", "qubits": [3]}, {"name": "rz", "params": [-0.1331363275516435], "qubits": [3]}, {"name": "rz", "params": [1.570796326794893], "qubits": [5]}, {"name": "sx", "qubits": [5]}, {"name": "rz", "params": [-1.4376599992432535], "qubits": [5]}, {"name": "sx", "qubits": [5]}, {"name": "rz", "params": [-1.5707963267948957], "qubits": [5]}, {"name": "cx", "qubits": [3, 5]}, {"name": "sx", "qubits": [3]}, {"name": "rz", "params": [1.5707963267948974], "qubits": [3]}, {"name": "cx", "qubits": [1, 3]}, {"name": "rz", "params": [1.5707963267948974], "qubits": [3]}, {"name": "sx", "qubits": [3]}, {"name": "rz", "params": [0.06656816377582153], "qubits": [3]}, {"name": "sx", "qubits": [5]}, {"name": "cx", "qubits": [3, 5]}, {"name": "rz", "params": [-1.570796326794896], "qubits": [5]}, {"name": "sx", "qubits": [5]}, {"name": "rz", "params": [-1.6373644905707199], "qubits": [5]}, {"name": "barrier", "qubits": [0, 1, 2, 3, 4, 5, 6]}, {"name": "rz", "params": [1.5707963267948966], "qubits": [1]}, {"name": "sx", "qubits": [1]}, {"name": "rz", "params": [1.5707963267948966], "qubits": [1]}, {"name": "measure", "qubits": [1], "memory": [0]}, {"name": "measure", "qubits": [3], "memory": [1]}, {"name": "measure", "qubits": [5], "memory": [2]}]}, {"config": {"n_qubits": 7, "memory_slots": 3}, "header": {"qubit_labels": [["q", 0], ["q", 1], ["q", 2], ["q", 3], ["q", 4], ["q", 5], ["q", 6]], "n_qubits": 7, "qreg_sizes": [["q", 7]], "clbit_labels": [["c28", 0], ["c28", 1], ["c28", 2]], "memory_slots": 3, "creg_sizes": [["c28", 3]], "name": "('Y', 'X', 'X')", "global_phase": 0.0, "metadata": {}}, "instructions": [{"name": "rz", "params": [-1.6373644905707199], "qubits": [3]}, {"name": "sx", "qubits": [3]}, {"name": "rz", "params": [1.5707963267948966], "qubits": [3]}, {"name": "cx", "qubits": [1, 3]}, {"name": "x", "qubits": [1]}, {"name": "rz", "params": [-1.570796326794894], "qubits": [1]}, {"name": "rz", "params": [1.5707963267948948], "qubits": [3]}, {"name": "sx", "qubits": [3]}, {"name": "rz", "params": [-1.570796326794895], "qubits": [3]}, {"name": "rz", "params": [-1.6373644905707199], "qubits": [5]}, {"name": "sx", "qubits": [5]}, {"name": "rz", "params": [1.5707963267948921], "qubits": [5]}, {"name": "cx", "qubits": [3, 5]}, {"name": "sx", "qubits": [3]}, {"name": "rz", "params": [1.5707963267948948], "qubits": [3]}, {"name": "cx", "qubits": [1, 3]}, {"name": "x", "qubits": [1]}, {"name": "rz", "params": [1.5707963267948948], "qubits": [1]}, {"name": "rz", "params": [-1.5707963267948983], "qubits": [3]}, {"name": "sx", "qubits": [3]}, {"name": "rz", "params": [-1.5707963267948797], "qubits": [5]}, {"name": "sx", "qubits": [5]}, {"name": "rz", "params": [-0.13313632755164484], "qubits": [5]}, {"name": "sx", "qubits": [5]}, {"name": "rz", "params": [1.5707963267949152], "qubits": [5]}, {"name": "cx", "qubits": [3, 5]}, {"name": "sx", "qubits": [3]}, {"name": "rz", "params": [-1.5707963267948983], "qubits": [3]}, {"name": "cx", "qubits": [1, 3]}, {"name": "rz", "params": [-1.5707963267948983], "qubits": [3]}, {"name": "sx", "qubits": [3]}, {"name": "rz", "params": [-0.1331363275516435], "qubits": [3]}, {"name": "rz", "params": [1.570796326794893], "qubits": [5]}, {"name": "sx", "qubits": [5]}, {"name": "rz", "params": [-1.4376599992432535], "qubits": [5]}, {"name": "sx", "qubits": [5]}, {"name": "rz", "params": [-1.5707963267948957], "qubits": [5]}, {"name": "cx", "qubits": [3, 5]}, {"name": "sx", "qubits": [3]}, {"name": "rz", "params": [1.5707963267948974], "qubits": [3]}, {"name": "cx", "qubits": [1, 3]}, {"name": "rz", "params": [1.5707963267948974], "qubits": [3]}, {"name": "sx", "qubits": [3]}, {"name": "rz", "params": [0.06656816377582153], "qubits": [3]}, {"name": "sx", "qubits": [5]}, {"name": "cx", "qubits": [3, 5]}, {"name": "rz", "params": [-1.570796326794896], "qubits": [5]}, {"name": "sx", "qubits": [5]}, {"name": "rz", "params": [-1.6373644905707199], "qubits": [5]}, {"name": "barrier", "qubits": [0, 1, 2, 3, 4, 5, 6]}, {"name": "sx", "qubits": [1]}, {"name": "rz", "params": [1.5707963267948966], "qubits": [1]}, {"name": "rz", "params": [1.5707963267948966], "qubits": [3]}, {"name": "sx", "qubits": [3]}, {"name": "rz", "params": [1.5707963267948966], "qubits": [3]}, {"name": "rz", "params": [1.5707963267948966], "qubits": [5]}, {"name": "sx", "qubits": [5]}, {"name": "rz", "params": [1.5707963267948966], "qubits": [5]}, {"name": "measure", "qubits": [1], "memory": [0]}, {"name": "measure", "qubits": [3], "memory": [1]}, {"name": "measure", "qubits": [5], "memory": [2]}]}, {"config": {"n_qubits": 7, "memory_slots": 3}, "header": {"qubit_labels": [["q", 0], ["q", 1], ["q", 2], ["q", 3], ["q", 4], ["q", 5], ["q", 6]], "n_qubits": 7, "qreg_sizes": [["q", 7]], "clbit_labels": [["c28", 0], ["c28", 1], ["c28", 2]], "memory_slots": 3, "creg_sizes": [["c28", 3]], "name": "('Y', 'X', 'Y')", "global_phase": 0.0, "metadata": {}}, "instructions": [{"name": "rz", "params": [-1.6373644905707199], "qubits": [3]}, {"name": "sx", "qubits": [3]}, {"name": "rz", "params": [1.5707963267948966], "qubits": [3]}, {"name": "cx", "qubits": [1, 3]}, {"name": "x", "qubits": [1]}, {"name": "rz", "params": [-1.570796326794894], "qubits": [1]}, {"name": "rz", "params": [1.5707963267948948], "qubits": [3]}, {"name": "sx", "qubits": [3]}, {"name": "rz", "params": [-1.570796326794895], "qubits": [3]}, {"name": "rz", "params": [-1.6373644905707199], "qubits": [5]}, {"name": "sx", "qubits": [5]}, {"name": "rz", "params": [1.5707963267948921], "qubits": [5]}, {"name": "cx", "qubits": [3, 5]}, {"name": "sx", "qubits": [3]}, {"name": "rz", "params": [1.5707963267948948], "qubits": [3]}, {"name": "cx", "qubits": [1, 3]}, {"name": "x", "qubits": [1]}, {"name": "rz", "params": [1.5707963267948948], "qubits": [1]}, {"name": "rz", "params": [-1.5707963267948983], "qubits": [3]}, {"name": "sx", "qubits": [3]}, {"name": "rz", "params": [-1.5707963267948797], "qubits": [5]}, {"name": "sx", "qubits": [5]}, {"name": "rz", "params": [-0.13313632755164484], "qubits": [5]}, {"name": "sx", "qubits": [5]}, {"name": "rz", "params": [1.5707963267949152], "qubits": [5]}, {"name": "cx", "qubits": [3, 5]}, {"name": "sx", "qubits": [3]}, {"name": "rz", "params": [-1.5707963267948983], "qubits": [3]}, {"name": "cx", "qubits": [1, 3]}, {"name": "rz", "params": [-1.5707963267948983], "qubits": [3]}, {"name": "sx", "qubits": [3]}, {"name": "rz", "params": [-0.1331363275516435], "qubits": [3]}, {"name": "rz", "params": [1.570796326794893], "qubits": [5]}, {"name": "sx", "qubits": [5]}, {"name": "rz", "params": [-1.4376599992432535], "qubits": [5]}, {"name": "sx", "qubits": [5]}, {"name": "rz", "params": [-1.5707963267948957], "qubits": [5]}, {"name": "cx", "qubits": [3, 5]}, {"name": "sx", "qubits": [3]}, {"name": "rz", "params": [1.5707963267948974], "qubits": [3]}, {"name": "cx", "qubits": [1, 3]}, {"name": "rz", "params": [1.5707963267948974], "qubits": [3]}, {"name": "sx", "qubits": [3]}, {"name": "rz", "params": [0.06656816377582153], "qubits": [3]}, {"name": "sx", "qubits": [5]}, {"name": "cx", "qubits": [3, 5]}, {"name": "rz", "params": [-1.570796326794896], "qubits": [5]}, {"name": "sx", "qubits": [5]}, {"name": "rz", "params": [-1.6373644905707199], "qubits": [5]}, {"name": "barrier", "qubits": [0, 1, 2, 3, 4, 5, 6]}, {"name": "sx", "qubits": [1]}, {"name": "rz", "params": [1.5707963267948966], "qubits": [1]}, {"name": "rz", "params": [1.5707963267948966], "qubits": [3]}, {"name": "sx", "qubits": [3]}, {"name": "rz", "params": [1.5707963267948966], "qubits": [3]}, {"name": "sx", "qubits": [5]}, {"name": "rz", "params": [1.5707963267948966], "qubits": [5]}, {"name": "measure", "qubits": [1], "memory": [0]}, {"name": "measure", "qubits": [3], "memory": [1]}, {"name": "measure", "qubits": [5], "memory": [2]}]}, {"config": {"n_qubits": 7, "memory_slots": 3}, "header": {"qubit_labels": [["q", 0], ["q", 1], ["q", 2], ["q", 3], ["q", 4], ["q", 5], ["q", 6]], "n_qubits": 7, "qreg_sizes": [["q", 7]], "clbit_labels": [["c28", 0], ["c28", 1], ["c28", 2]], "memory_slots": 3, "creg_sizes": [["c28", 3]], "name": "('Y', 'X', 'Z')", "global_phase": 0.0, "metadata": {}}, "instructions": [{"name": "rz", "params": [-1.6373644905707199], "qubits": [3]}, {"name": "sx", "qubits": [3]}, {"name": "rz", "params": [1.5707963267948966], "qubits": [3]}, {"name": "cx", "qubits": [1, 3]}, {"name": "x", "qubits": [1]}, {"name": "rz", "params": [-1.570796326794894], "qubits": [1]}, {"name": "rz", "params": [1.5707963267948948], "qubits": [3]}, {"name": "sx", "qubits": [3]}, {"name": "rz", "params": [-1.570796326794895], "qubits": [3]}, {"name": "rz", "params": [-1.6373644905707199], "qubits": [5]}, {"name": "sx", "qubits": [5]}, {"name": "rz", "params": [1.5707963267948921], "qubits": [5]}, {"name": "cx", "qubits": [3, 5]}, {"name": "sx", "qubits": [3]}, {"name": "rz", "params": [1.5707963267948948], "qubits": [3]}, {"name": "cx", "qubits": [1, 3]}, {"name": "x", "qubits": [1]}, {"name": "rz", "params": [1.5707963267948948], "qubits": [1]}, {"name": "rz", "params": [-1.5707963267948983], "qubits": [3]}, {"name": "sx", "qubits": [3]}, {"name": "rz", "params": [-1.5707963267948797], "qubits": [5]}, {"name": "sx", "qubits": [5]}, {"name": "rz", "params": [-0.13313632755164484], "qubits": [5]}, {"name": "sx", "qubits": [5]}, {"name": "rz", "params": [1.5707963267949152], "qubits": [5]}, {"name": "cx", "qubits": [3, 5]}, {"name": "sx", "qubits": [3]}, {"name": "rz", "params": [-1.5707963267948983], "qubits": [3]}, {"name": "cx", "qubits": [1, 3]}, {"name": "rz", "params": [-1.5707963267948983], "qubits": [3]}, {"name": "sx", "qubits": [3]}, {"name": "rz", "params": [-0.1331363275516435], "qubits": [3]}, {"name": "rz", "params": [1.570796326794893], "qubits": [5]}, {"name": "sx", "qubits": [5]}, {"name": "rz", "params": [-1.4376599992432535], "qubits": [5]}, {"name": "sx", "qubits": [5]}, {"name": "rz", "params": [-1.5707963267948957], "qubits": [5]}, {"name": "cx", "qubits": [3, 5]}, {"name": "sx", "qubits": [3]}, {"name": "rz", "params": [1.5707963267948974], "qubits": [3]}, {"name": "cx", "qubits": [1, 3]}, {"name": "rz", "params": [1.5707963267948974], "qubits": [3]}, {"name": "sx", "qubits": [3]}, {"name": "rz", "params": [0.06656816377582153], "qubits": [3]}, {"name": "sx", "qubits": [5]}, {"name": "cx", "qubits": [3, 5]}, {"name": "rz", "params": [-1.570796326794896], "qubits": [5]}, {"name": "sx", "qubits": [5]}, {"name": "rz", "params": [-1.6373644905707199], "qubits": [5]}, {"name": "barrier", "qubits": [0, 1, 2, 3, 4, 5, 6]}, {"name": "sx", "qubits": [1]}, {"name": "rz", "params": [1.5707963267948966], "qubits": [1]}, {"name": "rz", "params": [1.5707963267948966], "qubits": [3]}, {"name": "sx", "qubits": [3]}, {"name": "rz", "params": [1.5707963267948966], "qubits": [3]}, {"name": "measure", "qubits": [1], "memory": [0]}, {"name": "measure", "qubits": [3], "memory": [1]}, {"name": "measure", "qubits": [5], "memory": [2]}]}, {"config": {"n_qubits": 7, "memory_slots": 3}, "header": {"qubit_labels": [["q", 0], ["q", 1], ["q", 2], ["q", 3], ["q", 4], ["q", 5], ["q", 6]], "n_qubits": 7, "qreg_sizes": [["q", 7]], "clbit_labels": [["c28", 0], ["c28", 1], ["c28", 2]], "memory_slots": 3, "creg_sizes": [["c28", 3]], "name": "('Y', 'Y', 'X')", "global_phase": 0.0, "metadata": {}}, "instructions": [{"name": "rz", "params": [-1.6373644905707199], "qubits": [3]}, {"name": "sx", "qubits": [3]}, {"name": "rz", "params": [1.5707963267948966], "qubits": [3]}, {"name": "cx", "qubits": [1, 3]}, {"name": "x", "qubits": [1]}, {"name": "rz", "params": [-1.570796326794894], "qubits": [1]}, {"name": "rz", "params": [1.5707963267948948], "qubits": [3]}, {"name": "sx", "qubits": [3]}, {"name": "rz", "params": [-1.570796326794895], "qubits": [3]}, {"name": "rz", "params": [-1.6373644905707199], "qubits": [5]}, {"name": "sx", "qubits": [5]}, {"name": "rz", "params": [1.5707963267948921], "qubits": [5]}, {"name": "cx", "qubits": [3, 5]}, {"name": "sx", "qubits": [3]}, {"name": "rz", "params": [1.5707963267948948], "qubits": [3]}, {"name": "cx", "qubits": [1, 3]}, {"name": "x", "qubits": [1]}, {"name": "rz", "params": [1.5707963267948948], "qubits": [1]}, {"name": "rz", "params": [-1.5707963267948983], "qubits": [3]}, {"name": "sx", "qubits": [3]}, {"name": "rz", "params": [-1.5707963267948797], "qubits": [5]}, {"name": "sx", "qubits": [5]}, {"name": "rz", "params": [-0.13313632755164484], "qubits": [5]}, {"name": "sx", "qubits": [5]}, {"name": "rz", "params": [1.5707963267949152], "qubits": [5]}, {"name": "cx", "qubits": [3, 5]}, {"name": "sx", "qubits": [3]}, {"name": "rz", "params": [-1.5707963267948983], "qubits": [3]}, {"name": "cx", "qubits": [1, 3]}, {"name": "rz", "params": [-1.5707963267948983], "qubits": [3]}, {"name": "sx", "qubits": [3]}, {"name": "rz", "params": [-0.1331363275516435], "qubits": [3]}, {"name": "rz", "params": [1.570796326794893], "qubits": [5]}, {"name": "sx", "qubits": [5]}, {"name": "rz", "params": [-1.4376599992432535], "qubits": [5]}, {"name": "sx", "qubits": [5]}, {"name": "rz", "params": [-1.5707963267948957], "qubits": [5]}, {"name": "cx", "qubits": [3, 5]}, {"name": "sx", "qubits": [3]}, {"name": "rz", "params": [1.5707963267948974], "qubits": [3]}, {"name": "cx", "qubits": [1, 3]}, {"name": "rz", "params": [1.5707963267948974], "qubits": [3]}, {"name": "sx", "qubits": [3]}, {"name": "rz", "params": [0.06656816377582153], "qubits": [3]}, {"name": "sx", "qubits": [5]}, {"name": "cx", "qubits": [3, 5]}, {"name": "rz", "params": [-1.570796326794896], "qubits": [5]}, {"name": "sx", "qubits": [5]}, {"name": "rz", "params": [-1.6373644905707199], "qubits": [5]}, {"name": "barrier", "qubits": [0, 1, 2, 3, 4, 5, 6]}, {"name": "sx", "qubits": [1]}, {"name": "rz", "params": [1.5707963267948966], "qubits": [1]}, {"name": "sx", "qubits": [3]}, {"name": "rz", "params": [1.5707963267948966], "qubits": [3]}, {"name": "rz", "params": [1.5707963267948966], "qubits": [5]}, {"name": "sx", "qubits": [5]}, {"name": "rz", "params": [1.5707963267948966], "qubits": [5]}, {"name": "measure", "qubits": [1], "memory": [0]}, {"name": "measure", "qubits": [3], "memory": [1]}, {"name": "measure", "qubits": [5], "memory": [2]}]}, {"config": {"n_qubits": 7, "memory_slots": 3}, "header": {"qubit_labels": [["q", 0], ["q", 1], ["q", 2], ["q", 3], ["q", 4], ["q", 5], ["q", 6]], "n_qubits": 7, "qreg_sizes": [["q", 7]], "clbit_labels": [["c28", 0], ["c28", 1], ["c28", 2]], "memory_slots": 3, "creg_sizes": [["c28", 3]], "name": "('Y', 'Y', 'Y')", "global_phase": 0.0, "metadata": {}}, "instructions": [{"name": "rz", "params": [-1.6373644905707199], "qubits": [3]}, {"name": "sx", "qubits": [3]}, {"name": "rz", "params": [1.5707963267948966], "qubits": [3]}, {"name": "cx", "qubits": [1, 3]}, {"name": "x", "qubits": [1]}, {"name": "rz", "params": [-1.570796326794894], "qubits": [1]}, {"name": "rz", "params": [1.5707963267948948], "qubits": [3]}, {"name": "sx", "qubits": [3]}, {"name": "rz", "params": [-1.570796326794895], "qubits": [3]}, {"name": "rz", "params": [-1.6373644905707199], "qubits": [5]}, {"name": "sx", "qubits": [5]}, {"name": "rz", "params": [1.5707963267948921], "qubits": [5]}, {"name": "cx", "qubits": [3, 5]}, {"name": "sx", "qubits": [3]}, {"name": "rz", "params": [1.5707963267948948], "qubits": [3]}, {"name": "cx", "qubits": [1, 3]}, {"name": "x", "qubits": [1]}, {"name": "rz", "params": [1.5707963267948948], "qubits": [1]}, {"name": "rz", "params": [-1.5707963267948983], "qubits": [3]}, {"name": "sx", "qubits": [3]}, {"name": "rz", "params": [-1.5707963267948797], "qubits": [5]}, {"name": "sx", "qubits": [5]}, {"name": "rz", "params": [-0.13313632755164484], "qubits": [5]}, {"name": "sx", "qubits": [5]}, {"name": "rz", "params": [1.5707963267949152], "qubits": [5]}, {"name": "cx", "qubits": [3, 5]}, {"name": "sx", "qubits": [3]}, {"name": "rz", "params": [-1.5707963267948983], "qubits": [3]}, {"name": "cx", "qubits": [1, 3]}, {"name": "rz", "params": [-1.5707963267948983], "qubits": [3]}, {"name": "sx", "qubits": [3]}, {"name": "rz", "params": [-0.1331363275516435], "qubits": [3]}, {"name": "rz", "params": [1.570796326794893], "qubits": [5]}, {"name": "sx", "qubits": [5]}, {"name": "rz", "params": [-1.4376599992432535], "qubits": [5]}, {"name": "sx", "qubits": [5]}, {"name": "rz", "params": [-1.5707963267948957], "qubits": [5]}, {"name": "cx", "qubits": [3, 5]}, {"name": "sx", "qubits": [3]}, {"name": "rz", "params": [1.5707963267948974], "qubits": [3]}, {"name": "cx", "qubits": [1, 3]}, {"name": "rz", "params": [1.5707963267948974], "qubits": [3]}, {"name": "sx", "qubits": [3]}, {"name": "rz", "params": [0.06656816377582153], "qubits": [3]}, {"name": "sx", "qubits": [5]}, {"name": "cx", "qubits": [3, 5]}, {"name": "rz", "params": [-1.570796326794896], "qubits": [5]}, {"name": "sx", "qubits": [5]}, {"name": "rz", "params": [-1.6373644905707199], "qubits": [5]}, {"name": "barrier", "qubits": [0, 1, 2, 3, 4, 5, 6]}, {"name": "sx", "qubits": [1]}, {"name": "rz", "params": [1.5707963267948966], "qubits": [1]}, {"name": "sx", "qubits": [3]}, {"name": "rz", "params": [1.5707963267948966], "qubits": [3]}, {"name": "sx", "qubits": [5]}, {"name": "rz", "params": [1.5707963267948966], "qubits": [5]}, {"name": "measure", "qubits": [1], "memory": [0]}, {"name": "measure", "qubits": [3], "memory": [1]}, {"name": "measure", "qubits": [5], "memory": [2]}]}, {"config": {"n_qubits": 7, "memory_slots": 3}, "header": {"qubit_labels": [["q", 0], ["q", 1], ["q", 2], ["q", 3], ["q", 4], ["q", 5], ["q", 6]], "n_qubits": 7, "qreg_sizes": [["q", 7]], "clbit_labels": [["c28", 0], ["c28", 1], ["c28", 2]], "memory_slots": 3, "creg_sizes": [["c28", 3]], "name": "('Y', 'Y', 'Z')", "global_phase": 0.0, "metadata": {}}, "instructions": [{"name": "rz", "params": [-1.6373644905707199], "qubits": [3]}, {"name": "sx", "qubits": [3]}, {"name": "rz", "params": [1.5707963267948966], "qubits": [3]}, {"name": "cx", "qubits": [1, 3]}, {"name": "x", "qubits": [1]}, {"name": "rz", "params": [-1.570796326794894], "qubits": [1]}, {"name": "rz", "params": [1.5707963267948948], "qubits": [3]}, {"name": "sx", "qubits": [3]}, {"name": "rz", "params": [-1.570796326794895], "qubits": [3]}, {"name": "rz", "params": [-1.6373644905707199], "qubits": [5]}, {"name": "sx", "qubits": [5]}, {"name": "rz", "params": [1.5707963267948921], "qubits": [5]}, {"name": "cx", "qubits": [3, 5]}, {"name": "sx", "qubits": [3]}, {"name": "rz", "params": [1.5707963267948948], "qubits": [3]}, {"name": "cx", "qubits": [1, 3]}, {"name": "x", "qubits": [1]}, {"name": "rz", "params": [1.5707963267948948], "qubits": [1]}, {"name": "rz", "params": [-1.5707963267948983], "qubits": [3]}, {"name": "sx", "qubits": [3]}, {"name": "rz", "params": [-1.5707963267948797], "qubits": [5]}, {"name": "sx", "qubits": [5]}, {"name": "rz", "params": [-0.13313632755164484], "qubits": [5]}, {"name": "sx", "qubits": [5]}, {"name": "rz", "params": [1.5707963267949152], "qubits": [5]}, {"name": "cx", "qubits": [3, 5]}, {"name": "sx", "qubits": [3]}, {"name": "rz", "params": [-1.5707963267948983], "qubits": [3]}, {"name": "cx", "qubits": [1, 3]}, {"name": "rz", "params": [-1.5707963267948983], "qubits": [3]}, {"name": "sx", "qubits": [3]}, {"name": "rz", "params": [-0.1331363275516435], "qubits": [3]}, {"name": "rz", "params": [1.570796326794893], "qubits": [5]}, {"name": "sx", "qubits": [5]}, {"name": "rz", "params": [-1.4376599992432535], "qubits": [5]}, {"name": "sx", "qubits": [5]}, {"name": "rz", "params": [-1.5707963267948957], "qubits": [5]}, {"name": "cx", "qubits": [3, 5]}, {"name": "sx", "qubits": [3]}, {"name": "rz", "params": [1.5707963267948974], "qubits": [3]}, {"name": "cx", "qubits": [1, 3]}, {"name": "rz", "params": [1.5707963267948974], "qubits": [3]}, {"name": "sx", "qubits": [3]}, {"name": "rz", "params": [0.06656816377582153], "qubits": [3]}, {"name": "sx", "qubits": [5]}, {"name": "cx", "qubits": [3, 5]}, {"name": "rz", "params": [-1.570796326794896], "qubits": [5]}, {"name": "sx", "qubits": [5]}, {"name": "rz", "params": [-1.6373644905707199], "qubits": [5]}, {"name": "barrier", "qubits": [0, 1, 2, 3, 4, 5, 6]}, {"name": "sx", "qubits": [1]}, {"name": "rz", "params": [1.5707963267948966], "qubits": [1]}, {"name": "sx", "qubits": [3]}, {"name": "rz", "params": [1.5707963267948966], "qubits": [3]}, {"name": "measure", "qubits": [1], "memory": [0]}, {"name": "measure", "qubits": [3], "memory": [1]}, {"name": "measure", "qubits": [5], "memory": [2]}]}, {"config": {"n_qubits": 7, "memory_slots": 3}, "header": {"qubit_labels": [["q", 0], ["q", 1], ["q", 2], ["q", 3], ["q", 4], ["q", 5], ["q", 6]], "n_qubits": 7, "qreg_sizes": [["q", 7]], "clbit_labels": [["c28", 0], ["c28", 1], ["c28", 2]], "memory_slots": 3, "creg_sizes": [["c28", 3]], "name": "('Y', 'Z', 'X')", "global_phase": 0.0, "metadata": {}}, "instructions": [{"name": "rz", "params": [-1.6373644905707199], "qubits": [3]}, {"name": "sx", "qubits": [3]}, {"name": "rz", "params": [1.5707963267948966], "qubits": [3]}, {"name": "cx", "qubits": [1, 3]}, {"name": "x", "qubits": [1]}, {"name": "rz", "params": [-1.570796326794894], "qubits": [1]}, {"name": "rz", "params": [1.5707963267948948], "qubits": [3]}, {"name": "sx", "qubits": [3]}, {"name": "rz", "params": [-1.570796326794895], "qubits": [3]}, {"name": "rz", "params": [-1.6373644905707199], "qubits": [5]}, {"name": "sx", "qubits": [5]}, {"name": "rz", "params": [1.5707963267948921], "qubits": [5]}, {"name": "cx", "qubits": [3, 5]}, {"name": "sx", "qubits": [3]}, {"name": "rz", "params": [1.5707963267948948], "qubits": [3]}, {"name": "cx", "qubits": [1, 3]}, {"name": "x", "qubits": [1]}, {"name": "rz", "params": [1.5707963267948948], "qubits": [1]}, {"name": "rz", "params": [-1.5707963267948983], "qubits": [3]}, {"name": "sx", "qubits": [3]}, {"name": "rz", "params": [-1.5707963267948797], "qubits": [5]}, {"name": "sx", "qubits": [5]}, {"name": "rz", "params": [-0.13313632755164484], "qubits": [5]}, {"name": "sx", "qubits": [5]}, {"name": "rz", "params": [1.5707963267949152], "qubits": [5]}, {"name": "cx", "qubits": [3, 5]}, {"name": "sx", "qubits": [3]}, {"name": "rz", "params": [-1.5707963267948983], "qubits": [3]}, {"name": "cx", "qubits": [1, 3]}, {"name": "rz", "params": [-1.5707963267948983], "qubits": [3]}, {"name": "sx", "qubits": [3]}, {"name": "rz", "params": [-0.1331363275516435], "qubits": [3]}, {"name": "rz", "params": [1.570796326794893], "qubits": [5]}, {"name": "sx", "qubits": [5]}, {"name": "rz", "params": [-1.4376599992432535], "qubits": [5]}, {"name": "sx", "qubits": [5]}, {"name": "rz", "params": [-1.5707963267948957], "qubits": [5]}, {"name": "cx", "qubits": [3, 5]}, {"name": "sx", "qubits": [3]}, {"name": "rz", "params": [1.5707963267948974], "qubits": [3]}, {"name": "cx", "qubits": [1, 3]}, {"name": "rz", "params": [1.5707963267948974], "qubits": [3]}, {"name": "sx", "qubits": [3]}, {"name": "rz", "params": [0.06656816377582153], "qubits": [3]}, {"name": "sx", "qubits": [5]}, {"name": "cx", "qubits": [3, 5]}, {"name": "rz", "params": [-1.570796326794896], "qubits": [5]}, {"name": "sx", "qubits": [5]}, {"name": "rz", "params": [-1.6373644905707199], "qubits": [5]}, {"name": "barrier", "qubits": [0, 1, 2, 3, 4, 5, 6]}, {"name": "sx", "qubits": [1]}, {"name": "rz", "params": [1.5707963267948966], "qubits": [1]}, {"name": "rz", "params": [1.5707963267948966], "qubits": [5]}, {"name": "sx", "qubits": [5]}, {"name": "rz", "params": [1.5707963267948966], "qubits": [5]}, {"name": "measure", "qubits": [1], "memory": [0]}, {"name": "measure", "qubits": [3], "memory": [1]}, {"name": "measure", "qubits": [5], "memory": [2]}]}, {"config": {"n_qubits": 7, "memory_slots": 3}, "header": {"qubit_labels": [["q", 0], ["q", 1], ["q", 2], ["q", 3], ["q", 4], ["q", 5], ["q", 6]], "n_qubits": 7, "qreg_sizes": [["q", 7]], "clbit_labels": [["c28", 0], ["c28", 1], ["c28", 2]], "memory_slots": 3, "creg_sizes": [["c28", 3]], "name": "('Y', 'Z', 'Y')", "global_phase": 0.0, "metadata": {}}, "instructions": [{"name": "rz", "params": [-1.6373644905707199], "qubits": [3]}, {"name": "sx", "qubits": [3]}, {"name": "rz", "params": [1.5707963267948966], "qubits": [3]}, {"name": "cx", "qubits": [1, 3]}, {"name": "x", "qubits": [1]}, {"name": "rz", "params": [-1.570796326794894], "qubits": [1]}, {"name": "rz", "params": [1.5707963267948948], "qubits": [3]}, {"name": "sx", "qubits": [3]}, {"name": "rz", "params": [-1.570796326794895], "qubits": [3]}, {"name": "rz", "params": [-1.6373644905707199], "qubits": [5]}, {"name": "sx", "qubits": [5]}, {"name": "rz", "params": [1.5707963267948921], "qubits": [5]}, {"name": "cx", "qubits": [3, 5]}, {"name": "sx", "qubits": [3]}, {"name": "rz", "params": [1.5707963267948948], "qubits": [3]}, {"name": "cx", "qubits": [1, 3]}, {"name": "x", "qubits": [1]}, {"name": "rz", "params": [1.5707963267948948], "qubits": [1]}, {"name": "rz", "params": [-1.5707963267948983], "qubits": [3]}, {"name": "sx", "qubits": [3]}, {"name": "rz", "params": [-1.5707963267948797], "qubits": [5]}, {"name": "sx", "qubits": [5]}, {"name": "rz", "params": [-0.13313632755164484], "qubits": [5]}, {"name": "sx", "qubits": [5]}, {"name": "rz", "params": [1.5707963267949152], "qubits": [5]}, {"name": "cx", "qubits": [3, 5]}, {"name": "sx", "qubits": [3]}, {"name": "rz", "params": [-1.5707963267948983], "qubits": [3]}, {"name": "cx", "qubits": [1, 3]}, {"name": "rz", "params": [-1.5707963267948983], "qubits": [3]}, {"name": "sx", "qubits": [3]}, {"name": "rz", "params": [-0.1331363275516435], "qubits": [3]}, {"name": "rz", "params": [1.570796326794893], "qubits": [5]}, {"name": "sx", "qubits": [5]}, {"name": "rz", "params": [-1.4376599992432535], "qubits": [5]}, {"name": "sx", "qubits": [5]}, {"name": "rz", "params": [-1.5707963267948957], "qubits": [5]}, {"name": "cx", "qubits": [3, 5]}, {"name": "sx", "qubits": [3]}, {"name": "rz", "params": [1.5707963267948974], "qubits": [3]}, {"name": "cx", "qubits": [1, 3]}, {"name": "rz", "params": [1.5707963267948974], "qubits": [3]}, {"name": "sx", "qubits": [3]}, {"name": "rz", "params": [0.06656816377582153], "qubits": [3]}, {"name": "sx", "qubits": [5]}, {"name": "cx", "qubits": [3, 5]}, {"name": "rz", "params": [-1.570796326794896], "qubits": [5]}, {"name": "sx", "qubits": [5]}, {"name": "rz", "params": [-1.6373644905707199], "qubits": [5]}, {"name": "barrier", "qubits": [0, 1, 2, 3, 4, 5, 6]}, {"name": "sx", "qubits": [1]}, {"name": "rz", "params": [1.5707963267948966], "qubits": [1]}, {"name": "sx", "qubits": [5]}, {"name": "rz", "params": [1.5707963267948966], "qubits": [5]}, {"name": "measure", "qubits": [1], "memory": [0]}, {"name": "measure", "qubits": [3], "memory": [1]}, {"name": "measure", "qubits": [5], "memory": [2]}]}, {"config": {"n_qubits": 7, "memory_slots": 3}, "header": {"qubit_labels": [["q", 0], ["q", 1], ["q", 2], ["q", 3], ["q", 4], ["q", 5], ["q", 6]], "n_qubits": 7, "qreg_sizes": [["q", 7]], "clbit_labels": [["c28", 0], ["c28", 1], ["c28", 2]], "memory_slots": 3, "creg_sizes": [["c28", 3]], "name": "('Y', 'Z', 'Z')", "global_phase": 0.0, "metadata": {}}, "instructions": [{"name": "rz", "params": [-1.6373644905707199], "qubits": [3]}, {"name": "sx", "qubits": [3]}, {"name": "rz", "params": [1.5707963267948966], "qubits": [3]}, {"name": "cx", "qubits": [1, 3]}, {"name": "x", "qubits": [1]}, {"name": "rz", "params": [-1.570796326794894], "qubits": [1]}, {"name": "rz", "params": [1.5707963267948948], "qubits": [3]}, {"name": "sx", "qubits": [3]}, {"name": "rz", "params": [-1.570796326794895], "qubits": [3]}, {"name": "rz", "params": [-1.6373644905707199], "qubits": [5]}, {"name": "sx", "qubits": [5]}, {"name": "rz", "params": [1.5707963267948921], "qubits": [5]}, {"name": "cx", "qubits": [3, 5]}, {"name": "sx", "qubits": [3]}, {"name": "rz", "params": [1.5707963267948948], "qubits": [3]}, {"name": "cx", "qubits": [1, 3]}, {"name": "x", "qubits": [1]}, {"name": "rz", "params": [1.5707963267948948], "qubits": [1]}, {"name": "rz", "params": [-1.5707963267948983], "qubits": [3]}, {"name": "sx", "qubits": [3]}, {"name": "rz", "params": [-1.5707963267948797], "qubits": [5]}, {"name": "sx", "qubits": [5]}, {"name": "rz", "params": [-0.13313632755164484], "qubits": [5]}, {"name": "sx", "qubits": [5]}, {"name": "rz", "params": [1.5707963267949152], "qubits": [5]}, {"name": "cx", "qubits": [3, 5]}, {"name": "sx", "qubits": [3]}, {"name": "rz", "params": [-1.5707963267948983], "qubits": [3]}, {"name": "cx", "qubits": [1, 3]}, {"name": "rz", "params": [-1.5707963267948983], "qubits": [3]}, {"name": "sx", "qubits": [3]}, {"name": "rz", "params": [-0.1331363275516435], "qubits": [3]}, {"name": "rz", "params": [1.570796326794893], "qubits": [5]}, {"name": "sx", "qubits": [5]}, {"name": "rz", "params": [-1.4376599992432535], "qubits": [5]}, {"name": "sx", "qubits": [5]}, {"name": "rz", "params": [-1.5707963267948957], "qubits": [5]}, {"name": "cx", "qubits": [3, 5]}, {"name": "sx", "qubits": [3]}, {"name": "rz", "params": [1.5707963267948974], "qubits": [3]}, {"name": "cx", "qubits": [1, 3]}, {"name": "rz", "params": [1.5707963267948974], "qubits": [3]}, {"name": "sx", "qubits": [3]}, {"name": "rz", "params": [0.06656816377582153], "qubits": [3]}, {"name": "sx", "qubits": [5]}, {"name": "cx", "qubits": [3, 5]}, {"name": "rz", "params": [-1.570796326794896], "qubits": [5]}, {"name": "sx", "qubits": [5]}, {"name": "rz", "params": [-1.6373644905707199], "qubits": [5]}, {"name": "barrier", "qubits": [0, 1, 2, 3, 4, 5, 6]}, {"name": "sx", "qubits": [1]}, {"name": "rz", "params": [1.5707963267948966], "qubits": [1]}, {"name": "measure", "qubits": [1], "memory": [0]}, {"name": "measure", "qubits": [3], "memory": [1]}, {"name": "measure", "qubits": [5], "memory": [2]}]}, {"config": {"n_qubits": 7, "memory_slots": 3}, "header": {"qubit_labels": [["q", 0], ["q", 1], ["q", 2], ["q", 3], ["q", 4], ["q", 5], ["q", 6]], "n_qubits": 7, "qreg_sizes": [["q", 7]], "clbit_labels": [["c28", 0], ["c28", 1], ["c28", 2]], "memory_slots": 3, "creg_sizes": [["c28", 3]], "name": "('Z', 'X', 'X')", "global_phase": 0.0, "metadata": {}}, "instructions": [{"name": "rz", "params": [-1.6373644905707199], "qubits": [3]}, {"name": "sx", "qubits": [3]}, {"name": "rz", "params": [1.5707963267948966], "qubits": [3]}, {"name": "cx", "qubits": [1, 3]}, {"name": "x", "qubits": [1]}, {"name": "rz", "params": [-1.570796326794894], "qubits": [1]}, {"name": "rz", "params": [1.5707963267948948], "qubits": [3]}, {"name": "sx", "qubits": [3]}, {"name": "rz", "params": [-1.570796326794895], "qubits": [3]}, {"name": "rz", "params": [-1.6373644905707199], "qubits": [5]}, {"name": "sx", "qubits": [5]}, {"name": "rz", "params": [1.5707963267948921], "qubits": [5]}, {"name": "cx", "qubits": [3, 5]}, {"name": "sx", "qubits": [3]}, {"name": "rz", "params": [1.5707963267948948], "qubits": [3]}, {"name": "cx", "qubits": [1, 3]}, {"name": "x", "qubits": [1]}, {"name": "rz", "params": [1.5707963267948948], "qubits": [1]}, {"name": "rz", "params": [-1.5707963267948983], "qubits": [3]}, {"name": "sx", "qubits": [3]}, {"name": "rz", "params": [-1.5707963267948797], "qubits": [5]}, {"name": "sx", "qubits": [5]}, {"name": "rz", "params": [-0.13313632755164484], "qubits": [5]}, {"name": "sx", "qubits": [5]}, {"name": "rz", "params": [1.5707963267949152], "qubits": [5]}, {"name": "cx", "qubits": [3, 5]}, {"name": "sx", "qubits": [3]}, {"name": "rz", "params": [-1.5707963267948983], "qubits": [3]}, {"name": "cx", "qubits": [1, 3]}, {"name": "rz", "params": [-1.5707963267948983], "qubits": [3]}, {"name": "sx", "qubits": [3]}, {"name": "rz", "params": [-0.1331363275516435], "qubits": [3]}, {"name": "rz", "params": [1.570796326794893], "qubits": [5]}, {"name": "sx", "qubits": [5]}, {"name": "rz", "params": [-1.4376599992432535], "qubits": [5]}, {"name": "sx", "qubits": [5]}, {"name": "rz", "params": [-1.5707963267948957], "qubits": [5]}, {"name": "cx", "qubits": [3, 5]}, {"name": "sx", "qubits": [3]}, {"name": "rz", "params": [1.5707963267948974], "qubits": [3]}, {"name": "cx", "qubits": [1, 3]}, {"name": "rz", "params": [1.5707963267948974], "qubits": [3]}, {"name": "sx", "qubits": [3]}, {"name": "rz", "params": [0.06656816377582153], "qubits": [3]}, {"name": "sx", "qubits": [5]}, {"name": "cx", "qubits": [3, 5]}, {"name": "rz", "params": [-1.570796326794896], "qubits": [5]}, {"name": "sx", "qubits": [5]}, {"name": "rz", "params": [-1.6373644905707199], "qubits": [5]}, {"name": "barrier", "qubits": [0, 1, 2, 3, 4, 5, 6]}, {"name": "rz", "params": [1.5707963267948966], "qubits": [3]}, {"name": "sx", "qubits": [3]}, {"name": "rz", "params": [1.5707963267948966], "qubits": [3]}, {"name": "rz", "params": [1.5707963267948966], "qubits": [5]}, {"name": "sx", "qubits": [5]}, {"name": "rz", "params": [1.5707963267948966], "qubits": [5]}, {"name": "measure", "qubits": [1], "memory": [0]}, {"name": "measure", "qubits": [3], "memory": [1]}, {"name": "measure", "qubits": [5], "memory": [2]}]}, {"config": {"n_qubits": 7, "memory_slots": 3}, "header": {"qubit_labels": [["q", 0], ["q", 1], ["q", 2], ["q", 3], ["q", 4], ["q", 5], ["q", 6]], "n_qubits": 7, "qreg_sizes": [["q", 7]], "clbit_labels": [["c28", 0], ["c28", 1], ["c28", 2]], "memory_slots": 3, "creg_sizes": [["c28", 3]], "name": "('Z', 'X', 'Y')", "global_phase": 0.0, "metadata": {}}, "instructions": [{"name": "rz", "params": [-1.6373644905707199], "qubits": [3]}, {"name": "sx", "qubits": [3]}, {"name": "rz", "params": [1.5707963267948966], "qubits": [3]}, {"name": "cx", "qubits": [1, 3]}, {"name": "x", "qubits": [1]}, {"name": "rz", "params": [-1.570796326794894], "qubits": [1]}, {"name": "rz", "params": [1.5707963267948948], "qubits": [3]}, {"name": "sx", "qubits": [3]}, {"name": "rz", "params": [-1.570796326794895], "qubits": [3]}, {"name": "rz", "params": [-1.6373644905707199], "qubits": [5]}, {"name": "sx", "qubits": [5]}, {"name": "rz", "params": [1.5707963267948921], "qubits": [5]}, {"name": "cx", "qubits": [3, 5]}, {"name": "sx", "qubits": [3]}, {"name": "rz", "params": [1.5707963267948948], "qubits": [3]}, {"name": "cx", "qubits": [1, 3]}, {"name": "x", "qubits": [1]}, {"name": "rz", "params": [1.5707963267948948], "qubits": [1]}, {"name": "rz", "params": [-1.5707963267948983], "qubits": [3]}, {"name": "sx", "qubits": [3]}, {"name": "rz", "params": [-1.5707963267948797], "qubits": [5]}, {"name": "sx", "qubits": [5]}, {"name": "rz", "params": [-0.13313632755164484], "qubits": [5]}, {"name": "sx", "qubits": [5]}, {"name": "rz", "params": [1.5707963267949152], "qubits": [5]}, {"name": "cx", "qubits": [3, 5]}, {"name": "sx", "qubits": [3]}, {"name": "rz", "params": [-1.5707963267948983], "qubits": [3]}, {"name": "cx", "qubits": [1, 3]}, {"name": "rz", "params": [-1.5707963267948983], "qubits": [3]}, {"name": "sx", "qubits": [3]}, {"name": "rz", "params": [-0.1331363275516435], "qubits": [3]}, {"name": "rz", "params": [1.570796326794893], "qubits": [5]}, {"name": "sx", "qubits": [5]}, {"name": "rz", "params": [-1.4376599992432535], "qubits": [5]}, {"name": "sx", "qubits": [5]}, {"name": "rz", "params": [-1.5707963267948957], "qubits": [5]}, {"name": "cx", "qubits": [3, 5]}, {"name": "sx", "qubits": [3]}, {"name": "rz", "params": [1.5707963267948974], "qubits": [3]}, {"name": "cx", "qubits": [1, 3]}, {"name": "rz", "params": [1.5707963267948974], "qubits": [3]}, {"name": "sx", "qubits": [3]}, {"name": "rz", "params": [0.06656816377582153], "qubits": [3]}, {"name": "sx", "qubits": [5]}, {"name": "cx", "qubits": [3, 5]}, {"name": "rz", "params": [-1.570796326794896], "qubits": [5]}, {"name": "sx", "qubits": [5]}, {"name": "rz", "params": [-1.6373644905707199], "qubits": [5]}, {"name": "barrier", "qubits": [0, 1, 2, 3, 4, 5, 6]}, {"name": "rz", "params": [1.5707963267948966], "qubits": [3]}, {"name": "sx", "qubits": [3]}, {"name": "rz", "params": [1.5707963267948966], "qubits": [3]}, {"name": "sx", "qubits": [5]}, {"name": "rz", "params": [1.5707963267948966], "qubits": [5]}, {"name": "measure", "qubits": [1], "memory": [0]}, {"name": "measure", "qubits": [3], "memory": [1]}, {"name": "measure", "qubits": [5], "memory": [2]}]}, {"config": {"n_qubits": 7, "memory_slots": 3}, "header": {"qubit_labels": [["q", 0], ["q", 1], ["q", 2], ["q", 3], ["q", 4], ["q", 5], ["q", 6]], "n_qubits": 7, "qreg_sizes": [["q", 7]], "clbit_labels": [["c28", 0], ["c28", 1], ["c28", 2]], "memory_slots": 3, "creg_sizes": [["c28", 3]], "name": "('Z', 'X', 'Z')", "global_phase": 0.0, "metadata": {}}, "instructions": [{"name": "rz", "params": [-1.6373644905707199], "qubits": [3]}, {"name": "sx", "qubits": [3]}, {"name": "rz", "params": [1.5707963267948966], "qubits": [3]}, {"name": "cx", "qubits": [1, 3]}, {"name": "x", "qubits": [1]}, {"name": "rz", "params": [-1.570796326794894], "qubits": [1]}, {"name": "rz", "params": [1.5707963267948948], "qubits": [3]}, {"name": "sx", "qubits": [3]}, {"name": "rz", "params": [-1.570796326794895], "qubits": [3]}, {"name": "rz", "params": [-1.6373644905707199], "qubits": [5]}, {"name": "sx", "qubits": [5]}, {"name": "rz", "params": [1.5707963267948921], "qubits": [5]}, {"name": "cx", "qubits": [3, 5]}, {"name": "sx", "qubits": [3]}, {"name": "rz", "params": [1.5707963267948948], "qubits": [3]}, {"name": "cx", "qubits": [1, 3]}, {"name": "x", "qubits": [1]}, {"name": "rz", "params": [1.5707963267948948], "qubits": [1]}, {"name": "rz", "params": [-1.5707963267948983], "qubits": [3]}, {"name": "sx", "qubits": [3]}, {"name": "rz", "params": [-1.5707963267948797], "qubits": [5]}, {"name": "sx", "qubits": [5]}, {"name": "rz", "params": [-0.13313632755164484], "qubits": [5]}, {"name": "sx", "qubits": [5]}, {"name": "rz", "params": [1.5707963267949152], "qubits": [5]}, {"name": "cx", "qubits": [3, 5]}, {"name": "sx", "qubits": [3]}, {"name": "rz", "params": [-1.5707963267948983], "qubits": [3]}, {"name": "cx", "qubits": [1, 3]}, {"name": "rz", "params": [-1.5707963267948983], "qubits": [3]}, {"name": "sx", "qubits": [3]}, {"name": "rz", "params": [-0.1331363275516435], "qubits": [3]}, {"name": "rz", "params": [1.570796326794893], "qubits": [5]}, {"name": "sx", "qubits": [5]}, {"name": "rz", "params": [-1.4376599992432535], "qubits": [5]}, {"name": "sx", "qubits": [5]}, {"name": "rz", "params": [-1.5707963267948957], "qubits": [5]}, {"name": "cx", "qubits": [3, 5]}, {"name": "sx", "qubits": [3]}, {"name": "rz", "params": [1.5707963267948974], "qubits": [3]}, {"name": "cx", "qubits": [1, 3]}, {"name": "rz", "params": [1.5707963267948974], "qubits": [3]}, {"name": "sx", "qubits": [3]}, {"name": "rz", "params": [0.06656816377582153], "qubits": [3]}, {"name": "sx", "qubits": [5]}, {"name": "cx", "qubits": [3, 5]}, {"name": "rz", "params": [-1.570796326794896], "qubits": [5]}, {"name": "sx", "qubits": [5]}, {"name": "rz", "params": [-1.6373644905707199], "qubits": [5]}, {"name": "barrier", "qubits": [0, 1, 2, 3, 4, 5, 6]}, {"name": "rz", "params": [1.5707963267948966], "qubits": [3]}, {"name": "sx", "qubits": [3]}, {"name": "rz", "params": [1.5707963267948966], "qubits": [3]}, {"name": "measure", "qubits": [1], "memory": [0]}, {"name": "measure", "qubits": [3], "memory": [1]}, {"name": "measure", "qubits": [5], "memory": [2]}]}, {"config": {"n_qubits": 7, "memory_slots": 3}, "header": {"qubit_labels": [["q", 0], ["q", 1], ["q", 2], ["q", 3], ["q", 4], ["q", 5], ["q", 6]], "n_qubits": 7, "qreg_sizes": [["q", 7]], "clbit_labels": [["c28", 0], ["c28", 1], ["c28", 2]], "memory_slots": 3, "creg_sizes": [["c28", 3]], "name": "('Z', 'Y', 'X')", "global_phase": 0.0, "metadata": {}}, "instructions": [{"name": "rz", "params": [-1.6373644905707199], "qubits": [3]}, {"name": "sx", "qubits": [3]}, {"name": "rz", "params": [1.5707963267948966], "qubits": [3]}, {"name": "cx", "qubits": [1, 3]}, {"name": "x", "qubits": [1]}, {"name": "rz", "params": [-1.570796326794894], "qubits": [1]}, {"name": "rz", "params": [1.5707963267948948], "qubits": [3]}, {"name": "sx", "qubits": [3]}, {"name": "rz", "params": [-1.570796326794895], "qubits": [3]}, {"name": "rz", "params": [-1.6373644905707199], "qubits": [5]}, {"name": "sx", "qubits": [5]}, {"name": "rz", "params": [1.5707963267948921], "qubits": [5]}, {"name": "cx", "qubits": [3, 5]}, {"name": "sx", "qubits": [3]}, {"name": "rz", "params": [1.5707963267948948], "qubits": [3]}, {"name": "cx", "qubits": [1, 3]}, {"name": "x", "qubits": [1]}, {"name": "rz", "params": [1.5707963267948948], "qubits": [1]}, {"name": "rz", "params": [-1.5707963267948983], "qubits": [3]}, {"name": "sx", "qubits": [3]}, {"name": "rz", "params": [-1.5707963267948797], "qubits": [5]}, {"name": "sx", "qubits": [5]}, {"name": "rz", "params": [-0.13313632755164484], "qubits": [5]}, {"name": "sx", "qubits": [5]}, {"name": "rz", "params": [1.5707963267949152], "qubits": [5]}, {"name": "cx", "qubits": [3, 5]}, {"name": "sx", "qubits": [3]}, {"name": "rz", "params": [-1.5707963267948983], "qubits": [3]}, {"name": "cx", "qubits": [1, 3]}, {"name": "rz", "params": [-1.5707963267948983], "qubits": [3]}, {"name": "sx", "qubits": [3]}, {"name": "rz", "params": [-0.1331363275516435], "qubits": [3]}, {"name": "rz", "params": [1.570796326794893], "qubits": [5]}, {"name": "sx", "qubits": [5]}, {"name": "rz", "params": [-1.4376599992432535], "qubits": [5]}, {"name": "sx", "qubits": [5]}, {"name": "rz", "params": [-1.5707963267948957], "qubits": [5]}, {"name": "cx", "qubits": [3, 5]}, {"name": "sx", "qubits": [3]}, {"name": "rz", "params": [1.5707963267948974], "qubits": [3]}, {"name": "cx", "qubits": [1, 3]}, {"name": "rz", "params": [1.5707963267948974], "qubits": [3]}, {"name": "sx", "qubits": [3]}, {"name": "rz", "params": [0.06656816377582153], "qubits": [3]}, {"name": "sx", "qubits": [5]}, {"name": "cx", "qubits": [3, 5]}, {"name": "rz", "params": [-1.570796326794896], "qubits": [5]}, {"name": "sx", "qubits": [5]}, {"name": "rz", "params": [-1.6373644905707199], "qubits": [5]}, {"name": "barrier", "qubits": [0, 1, 2, 3, 4, 5, 6]}, {"name": "sx", "qubits": [3]}, {"name": "rz", "params": [1.5707963267948966], "qubits": [3]}, {"name": "rz", "params": [1.5707963267948966], "qubits": [5]}, {"name": "sx", "qubits": [5]}, {"name": "rz", "params": [1.5707963267948966], "qubits": [5]}, {"name": "measure", "qubits": [1], "memory": [0]}, {"name": "measure", "qubits": [3], "memory": [1]}, {"name": "measure", "qubits": [5], "memory": [2]}]}, {"config": {"n_qubits": 7, "memory_slots": 3}, "header": {"qubit_labels": [["q", 0], ["q", 1], ["q", 2], ["q", 3], ["q", 4], ["q", 5], ["q", 6]], "n_qubits": 7, "qreg_sizes": [["q", 7]], "clbit_labels": [["c28", 0], ["c28", 1], ["c28", 2]], "memory_slots": 3, "creg_sizes": [["c28", 3]], "name": "('Z', 'Y', 'Y')", "global_phase": 0.0, "metadata": {}}, "instructions": [{"name": "rz", "params": [-1.6373644905707199], "qubits": [3]}, {"name": "sx", "qubits": [3]}, {"name": "rz", "params": [1.5707963267948966], "qubits": [3]}, {"name": "cx", "qubits": [1, 3]}, {"name": "x", "qubits": [1]}, {"name": "rz", "params": [-1.570796326794894], "qubits": [1]}, {"name": "rz", "params": [1.5707963267948948], "qubits": [3]}, {"name": "sx", "qubits": [3]}, {"name": "rz", "params": [-1.570796326794895], "qubits": [3]}, {"name": "rz", "params": [-1.6373644905707199], "qubits": [5]}, {"name": "sx", "qubits": [5]}, {"name": "rz", "params": [1.5707963267948921], "qubits": [5]}, {"name": "cx", "qubits": [3, 5]}, {"name": "sx", "qubits": [3]}, {"name": "rz", "params": [1.5707963267948948], "qubits": [3]}, {"name": "cx", "qubits": [1, 3]}, {"name": "x", "qubits": [1]}, {"name": "rz", "params": [1.5707963267948948], "qubits": [1]}, {"name": "rz", "params": [-1.5707963267948983], "qubits": [3]}, {"name": "sx", "qubits": [3]}, {"name": "rz", "params": [-1.5707963267948797], "qubits": [5]}, {"name": "sx", "qubits": [5]}, {"name": "rz", "params": [-0.13313632755164484], "qubits": [5]}, {"name": "sx", "qubits": [5]}, {"name": "rz", "params": [1.5707963267949152], "qubits": [5]}, {"name": "cx", "qubits": [3, 5]}, {"name": "sx", "qubits": [3]}, {"name": "rz", "params": [-1.5707963267948983], "qubits": [3]}, {"name": "cx", "qubits": [1, 3]}, {"name": "rz", "params": [-1.5707963267948983], "qubits": [3]}, {"name": "sx", "qubits": [3]}, {"name": "rz", "params": [-0.1331363275516435], "qubits": [3]}, {"name": "rz", "params": [1.570796326794893], "qubits": [5]}, {"name": "sx", "qubits": [5]}, {"name": "rz", "params": [-1.4376599992432535], "qubits": [5]}, {"name": "sx", "qubits": [5]}, {"name": "rz", "params": [-1.5707963267948957], "qubits": [5]}, {"name": "cx", "qubits": [3, 5]}, {"name": "sx", "qubits": [3]}, {"name": "rz", "params": [1.5707963267948974], "qubits": [3]}, {"name": "cx", "qubits": [1, 3]}, {"name": "rz", "params": [1.5707963267948974], "qubits": [3]}, {"name": "sx", "qubits": [3]}, {"name": "rz", "params": [0.06656816377582153], "qubits": [3]}, {"name": "sx", "qubits": [5]}, {"name": "cx", "qubits": [3, 5]}, {"name": "rz", "params": [-1.570796326794896], "qubits": [5]}, {"name": "sx", "qubits": [5]}, {"name": "rz", "params": [-1.6373644905707199], "qubits": [5]}, {"name": "barrier", "qubits": [0, 1, 2, 3, 4, 5, 6]}, {"name": "sx", "qubits": [3]}, {"name": "rz", "params": [1.5707963267948966], "qubits": [3]}, {"name": "sx", "qubits": [5]}, {"name": "rz", "params": [1.5707963267948966], "qubits": [5]}, {"name": "measure", "qubits": [1], "memory": [0]}, {"name": "measure", "qubits": [3], "memory": [1]}, {"name": "measure", "qubits": [5], "memory": [2]}]}, {"config": {"n_qubits": 7, "memory_slots": 3}, "header": {"qubit_labels": [["q", 0], ["q", 1], ["q", 2], ["q", 3], ["q", 4], ["q", 5], ["q", 6]], "n_qubits": 7, "qreg_sizes": [["q", 7]], "clbit_labels": [["c28", 0], ["c28", 1], ["c28", 2]], "memory_slots": 3, "creg_sizes": [["c28", 3]], "name": "('Z', 'Y', 'Z')", "global_phase": 0.0, "metadata": {}}, "instructions": [{"name": "rz", "params": [-1.6373644905707199], "qubits": [3]}, {"name": "sx", "qubits": [3]}, {"name": "rz", "params": [1.5707963267948966], "qubits": [3]}, {"name": "cx", "qubits": [1, 3]}, {"name": "x", "qubits": [1]}, {"name": "rz", "params": [-1.570796326794894], "qubits": [1]}, {"name": "rz", "params": [1.5707963267948948], "qubits": [3]}, {"name": "sx", "qubits": [3]}, {"name": "rz", "params": [-1.570796326794895], "qubits": [3]}, {"name": "rz", "params": [-1.6373644905707199], "qubits": [5]}, {"name": "sx", "qubits": [5]}, {"name": "rz", "params": [1.5707963267948921], "qubits": [5]}, {"name": "cx", "qubits": [3, 5]}, {"name": "sx", "qubits": [3]}, {"name": "rz", "params": [1.5707963267948948], "qubits": [3]}, {"name": "cx", "qubits": [1, 3]}, {"name": "x", "qubits": [1]}, {"name": "rz", "params": [1.5707963267948948], "qubits": [1]}, {"name": "rz", "params": [-1.5707963267948983], "qubits": [3]}, {"name": "sx", "qubits": [3]}, {"name": "rz", "params": [-1.5707963267948797], "qubits": [5]}, {"name": "sx", "qubits": [5]}, {"name": "rz", "params": [-0.13313632755164484], "qubits": [5]}, {"name": "sx", "qubits": [5]}, {"name": "rz", "params": [1.5707963267949152], "qubits": [5]}, {"name": "cx", "qubits": [3, 5]}, {"name": "sx", "qubits": [3]}, {"name": "rz", "params": [-1.5707963267948983], "qubits": [3]}, {"name": "cx", "qubits": [1, 3]}, {"name": "rz", "params": [-1.5707963267948983], "qubits": [3]}, {"name": "sx", "qubits": [3]}, {"name": "rz", "params": [-0.1331363275516435], "qubits": [3]}, {"name": "rz", "params": [1.570796326794893], "qubits": [5]}, {"name": "sx", "qubits": [5]}, {"name": "rz", "params": [-1.4376599992432535], "qubits": [5]}, {"name": "sx", "qubits": [5]}, {"name": "rz", "params": [-1.5707963267948957], "qubits": [5]}, {"name": "cx", "qubits": [3, 5]}, {"name": "sx", "qubits": [3]}, {"name": "rz", "params": [1.5707963267948974], "qubits": [3]}, {"name": "cx", "qubits": [1, 3]}, {"name": "rz", "params": [1.5707963267948974], "qubits": [3]}, {"name": "sx", "qubits": [3]}, {"name": "rz", "params": [0.06656816377582153], "qubits": [3]}, {"name": "sx", "qubits": [5]}, {"name": "cx", "qubits": [3, 5]}, {"name": "rz", "params": [-1.570796326794896], "qubits": [5]}, {"name": "sx", "qubits": [5]}, {"name": "rz", "params": [-1.6373644905707199], "qubits": [5]}, {"name": "barrier", "qubits": [0, 1, 2, 3, 4, 5, 6]}, {"name": "sx", "qubits": [3]}, {"name": "rz", "params": [1.5707963267948966], "qubits": [3]}, {"name": "measure", "qubits": [1], "memory": [0]}, {"name": "measure", "qubits": [3], "memory": [1]}, {"name": "measure", "qubits": [5], "memory": [2]}]}, {"config": {"n_qubits": 7, "memory_slots": 3}, "header": {"qubit_labels": [["q", 0], ["q", 1], ["q", 2], ["q", 3], ["q", 4], ["q", 5], ["q", 6]], "n_qubits": 7, "qreg_sizes": [["q", 7]], "clbit_labels": [["c28", 0], ["c28", 1], ["c28", 2]], "memory_slots": 3, "creg_sizes": [["c28", 3]], "name": "('Z', 'Z', 'X')", "global_phase": 0.0, "metadata": {}}, "instructions": [{"name": "rz", "params": [-1.6373644905707199], "qubits": [3]}, {"name": "sx", "qubits": [3]}, {"name": "rz", "params": [1.5707963267948966], "qubits": [3]}, {"name": "cx", "qubits": [1, 3]}, {"name": "x", "qubits": [1]}, {"name": "rz", "params": [-1.570796326794894], "qubits": [1]}, {"name": "rz", "params": [1.5707963267948948], "qubits": [3]}, {"name": "sx", "qubits": [3]}, {"name": "rz", "params": [-1.570796326794895], "qubits": [3]}, {"name": "rz", "params": [-1.6373644905707199], "qubits": [5]}, {"name": "sx", "qubits": [5]}, {"name": "rz", "params": [1.5707963267948921], "qubits": [5]}, {"name": "cx", "qubits": [3, 5]}, {"name": "sx", "qubits": [3]}, {"name": "rz", "params": [1.5707963267948948], "qubits": [3]}, {"name": "cx", "qubits": [1, 3]}, {"name": "x", "qubits": [1]}, {"name": "rz", "params": [1.5707963267948948], "qubits": [1]}, {"name": "rz", "params": [-1.5707963267948983], "qubits": [3]}, {"name": "sx", "qubits": [3]}, {"name": "rz", "params": [-1.5707963267948797], "qubits": [5]}, {"name": "sx", "qubits": [5]}, {"name": "rz", "params": [-0.13313632755164484], "qubits": [5]}, {"name": "sx", "qubits": [5]}, {"name": "rz", "params": [1.5707963267949152], "qubits": [5]}, {"name": "cx", "qubits": [3, 5]}, {"name": "sx", "qubits": [3]}, {"name": "rz", "params": [-1.5707963267948983], "qubits": [3]}, {"name": "cx", "qubits": [1, 3]}, {"name": "rz", "params": [-1.5707963267948983], "qubits": [3]}, {"name": "sx", "qubits": [3]}, {"name": "rz", "params": [-0.1331363275516435], "qubits": [3]}, {"name": "rz", "params": [1.570796326794893], "qubits": [5]}, {"name": "sx", "qubits": [5]}, {"name": "rz", "params": [-1.4376599992432535], "qubits": [5]}, {"name": "sx", "qubits": [5]}, {"name": "rz", "params": [-1.5707963267948957], "qubits": [5]}, {"name": "cx", "qubits": [3, 5]}, {"name": "sx", "qubits": [3]}, {"name": "rz", "params": [1.5707963267948974], "qubits": [3]}, {"name": "cx", "qubits": [1, 3]}, {"name": "rz", "params": [1.5707963267948974], "qubits": [3]}, {"name": "sx", "qubits": [3]}, {"name": "rz", "params": [0.06656816377582153], "qubits": [3]}, {"name": "sx", "qubits": [5]}, {"name": "cx", "qubits": [3, 5]}, {"name": "rz", "params": [-1.570796326794896], "qubits": [5]}, {"name": "sx", "qubits": [5]}, {"name": "rz", "params": [-1.6373644905707199], "qubits": [5]}, {"name": "barrier", "qubits": [0, 1, 2, 3, 4, 5, 6]}, {"name": "rz", "params": [1.5707963267948966], "qubits": [5]}, {"name": "sx", "qubits": [5]}, {"name": "rz", "params": [1.5707963267948966], "qubits": [5]}, {"name": "measure", "qubits": [1], "memory": [0]}, {"name": "measure", "qubits": [3], "memory": [1]}, {"name": "measure", "qubits": [5], "memory": [2]}]}, {"config": {"n_qubits": 7, "memory_slots": 3}, "header": {"qubit_labels": [["q", 0], ["q", 1], ["q", 2], ["q", 3], ["q", 4], ["q", 5], ["q", 6]], "n_qubits": 7, "qreg_sizes": [["q", 7]], "clbit_labels": [["c28", 0], ["c28", 1], ["c28", 2]], "memory_slots": 3, "creg_sizes": [["c28", 3]], "name": "('Z', 'Z', 'Y')", "global_phase": 0.0, "metadata": {}}, "instructions": [{"name": "rz", "params": [-1.6373644905707199], "qubits": [3]}, {"name": "sx", "qubits": [3]}, {"name": "rz", "params": [1.5707963267948966], "qubits": [3]}, {"name": "cx", "qubits": [1, 3]}, {"name": "x", "qubits": [1]}, {"name": "rz", "params": [-1.570796326794894], "qubits": [1]}, {"name": "rz", "params": [1.5707963267948948], "qubits": [3]}, {"name": "sx", "qubits": [3]}, {"name": "rz", "params": [-1.570796326794895], "qubits": [3]}, {"name": "rz", "params": [-1.6373644905707199], "qubits": [5]}, {"name": "sx", "qubits": [5]}, {"name": "rz", "params": [1.5707963267948921], "qubits": [5]}, {"name": "cx", "qubits": [3, 5]}, {"name": "sx", "qubits": [3]}, {"name": "rz", "params": [1.5707963267948948], "qubits": [3]}, {"name": "cx", "qubits": [1, 3]}, {"name": "x", "qubits": [1]}, {"name": "rz", "params": [1.5707963267948948], "qubits": [1]}, {"name": "rz", "params": [-1.5707963267948983], "qubits": [3]}, {"name": "sx", "qubits": [3]}, {"name": "rz", "params": [-1.5707963267948797], "qubits": [5]}, {"name": "sx", "qubits": [5]}, {"name": "rz", "params": [-0.13313632755164484], "qubits": [5]}, {"name": "sx", "qubits": [5]}, {"name": "rz", "params": [1.5707963267949152], "qubits": [5]}, {"name": "cx", "qubits": [3, 5]}, {"name": "sx", "qubits": [3]}, {"name": "rz", "params": [-1.5707963267948983], "qubits": [3]}, {"name": "cx", "qubits": [1, 3]}, {"name": "rz", "params": [-1.5707963267948983], "qubits": [3]}, {"name": "sx", "qubits": [3]}, {"name": "rz", "params": [-0.1331363275516435], "qubits": [3]}, {"name": "rz", "params": [1.570796326794893], "qubits": [5]}, {"name": "sx", "qubits": [5]}, {"name": "rz", "params": [-1.4376599992432535], "qubits": [5]}, {"name": "sx", "qubits": [5]}, {"name": "rz", "params": [-1.5707963267948957], "qubits": [5]}, {"name": "cx", "qubits": [3, 5]}, {"name": "sx", "qubits": [3]}, {"name": "rz", "params": [1.5707963267948974], "qubits": [3]}, {"name": "cx", "qubits": [1, 3]}, {"name": "rz", "params": [1.5707963267948974], "qubits": [3]}, {"name": "sx", "qubits": [3]}, {"name": "rz", "params": [0.06656816377582153], "qubits": [3]}, {"name": "sx", "qubits": [5]}, {"name": "cx", "qubits": [3, 5]}, {"name": "rz", "params": [-1.570796326794896], "qubits": [5]}, {"name": "sx", "qubits": [5]}, {"name": "rz", "params": [-1.6373644905707199], "qubits": [5]}, {"name": "barrier", "qubits": [0, 1, 2, 3, 4, 5, 6]}, {"name": "sx", "qubits": [5]}, {"name": "rz", "params": [1.5707963267948966], "qubits": [5]}, {"name": "measure", "qubits": [1], "memory": [0]}, {"name": "measure", "qubits": [3], "memory": [1]}, {"name": "measure", "qubits": [5], "memory": [2]}]}, {"config": {"n_qubits": 7, "memory_slots": 3}, "header": {"qubit_labels": [["q", 0], ["q", 1], ["q", 2], ["q", 3], ["q", 4], ["q", 5], ["q", 6]], "n_qubits": 7, "qreg_sizes": [["q", 7]], "clbit_labels": [["c28", 0], ["c28", 1], ["c28", 2]], "memory_slots": 3, "creg_sizes": [["c28", 3]], "name": "('Z', 'Z', 'Z')", "global_phase": 0.0, "metadata": {}}, "instructions": [{"name": "rz", "params": [-1.6373644905707199], "qubits": [3]}, {"name": "sx", "qubits": [3]}, {"name": "rz", "params": [1.5707963267948966], "qubits": [3]}, {"name": "cx", "qubits": [1, 3]}, {"name": "x", "qubits": [1]}, {"name": "rz", "params": [-1.570796326794894], "qubits": [1]}, {"name": "rz", "params": [1.5707963267948948], "qubits": [3]}, {"name": "sx", "qubits": [3]}, {"name": "rz", "params": [-1.570796326794895], "qubits": [3]}, {"name": "rz", "params": [-1.6373644905707199], "qubits": [5]}, {"name": "sx", "qubits": [5]}, {"name": "rz", "params": [1.5707963267948921], "qubits": [5]}, {"name": "cx", "qubits": [3, 5]}, {"name": "sx", "qubits": [3]}, {"name": "rz", "params": [1.5707963267948948], "qubits": [3]}, {"name": "cx", "qubits": [1, 3]}, {"name": "x", "qubits": [1]}, {"name": "rz", "params": [1.5707963267948948], "qubits": [1]}, {"name": "rz", "params": [-1.5707963267948983], "qubits": [3]}, {"name": "sx", "qubits": [3]}, {"name": "rz", "params": [-1.5707963267948797], "qubits": [5]}, {"name": "sx", "qubits": [5]}, {"name": "rz", "params": [-0.13313632755164484], "qubits": [5]}, {"name": "sx", "qubits": [5]}, {"name": "rz", "params": [1.5707963267949152], "qubits": [5]}, {"name": "cx", "qubits": [3, 5]}, {"name": "sx", "qubits": [3]}, {"name": "rz", "params": [-1.5707963267948983], "qubits": [3]}, {"name": "cx", "qubits": [1, 3]}, {"name": "rz", "params": [-1.5707963267948983], "qubits": [3]}, {"name": "sx", "qubits": [3]}, {"name": "rz", "params": [-0.1331363275516435], "qubits": [3]}, {"name": "rz", "params": [1.570796326794893], "qubits": [5]}, {"name": "sx", "qubits": [5]}, {"name": "rz", "params": [-1.4376599992432535], "qubits": [5]}, {"name": "sx", "qubits": [5]}, {"name": "rz", "params": [-1.5707963267948957], "qubits": [5]}, {"name": "cx", "qubits": [3, 5]}, {"name": "sx", "qubits": [3]}, {"name": "rz", "params": [1.5707963267948974], "qubits": [3]}, {"name": "cx", "qubits": [1, 3]}, {"name": "rz", "params": [1.5707963267948974], "qubits": [3]}, {"name": "sx", "qubits": [3]}, {"name": "rz", "params": [0.06656816377582153], "qubits": [3]}, {"name": "sx", "qubits": [5]}, {"name": "cx", "qubits": [3, 5]}, {"name": "rz", "params": [-1.570796326794896], "qubits": [5]}, {"name": "sx", "qubits": [5]}, {"name": "rz", "params": [-1.6373644905707199], "qubits": [5]}, {"name": "barrier", "qubits": [0, 1, 2, 3, 4, 5, 6]}, {"name": "measure", "qubits": [1], "memory": [0]}, {"name": "measure", "qubits": [3], "memory": [1]}, {"name": "measure", "qubits": [5], "memory": [2]}]}]}