{"backend_name": "ibmq_jakarta", "backend_version": "1.0.33", "qobj_id": "a7266d33-a640-4339-a0cb-80a5a23401c1", "job_id": "624f9cfaf65d7871c53909cf", "date": "2022-04-12T17:22:24Z", "success": true, "status": "Successful completion", "execution_id": "f20590fe-ba84-11ec-a4d8-bc97e15b08d0", "time_taken": 67.11639308929443, "header": {"backend_name": "ibmq_jakarta", "backend_version": "1.0.33"}, "results": [{"shots": 8192, "success": true, "status": null, "seed": null, "meas_level": 2, "meas_return": null, "header": {"qubit_labels": [["q", 0], ["q", 1], ["q", 2], ["q", 3], ["q", 4], ["q", 5], ["q", 6]], "n_qubits": 7, "qreg_sizes": [["q", 7]], "clbit_labels": [["c28", 0], ["c28", 1], ["c28", 2]], "memory_slots": 3, "creg_sizes": [["c28", 3]], "name": "('X', 'X', 'X')", "global_phase": 0.0, "metadata": {}}, "data": {"counts": {"0x0": 1598, "0x1": 782, "0x2": 1079, "0x3": 558, "0x4": 1707, "0x5": 922, "0x6": 1011, "0x7": 535}, "snapshots": null, "memory": null, "statevector": null, "unitary": null}}, {"shots": 8192, "success": true, "status": null, "seed": null, "meas_level": 2, "meas_return": null, "header": {"qubit_labels": [["q", 0], ["q", 1], ["q", 2], ["q", 3], ["q", 4], ["q", 5], ["q", 6]], "n_qubits": 7, "qreg_sizes": [["q", 7]], "clbit_labels": [["c28", 0], ["c28", 1], ["c28", 2]], "memory_slots": 3, "creg_sizes": [["c28", 3]], "name": "('X', 'X', 'Y')", "global_phase": 0.0, "metadata": {}}, "data": {"counts": {"0x0": 1440, "0x1": 825, "0x2": 1025, "0x3": 526, "0x4": 1733, "0x5": 944, "0x6": 1124, "0x7": 575}, "snapshots": null, "memory": null, "statevector": null, "unitary": null}}, {"shots": 8192, "success": true, "status": null, "seed": null, "meas_level": 2, "meas_return": null, "header": {"qubit_labels": [["q", 0], ["q", 1], ["q", 2], ["q", 3], ["q", 4], ["q", 5], ["q", 6]], "n_qubits": 7, "qreg_sizes": [["q", 7]], "clbit_labels": [["c28", 0], ["c28", 1], ["c28", 2]], "memory_slots": 3, "creg_sizes": [["c28", 3]], "name": "('X', 'X', 'Z')", "global_phase": 0.0, "metadata": {}}, "data": {"counts": {"0x0": 258, "0x1": 153, "0x2": 222, "0x3": 111, "0x4": 2962, "0x5": 1559, "0x6": 1900, "0x7": 1027}, "snapshots": null, "memory": null, "statevector": null, "unitary": null}}, {"shots": 8192, "success": true, "status": null, "seed": null, "meas_level": 2, "meas_return": null, "header": {"qubit_labels": [["q", 0], ["q", 1], ["q", 2], ["q", 3], ["q", 4], ["q", 5], ["q", 6]], "n_qubits": 7, "qreg_sizes": [["q", 7]], "clbit_labels": [["c28", 0], ["c28", 1], ["c28", 2]], "memory_slots": 3, "creg_sizes": [["c28", 3]], "name": "('X', 'Y', 'X')", "global_phase": 0.0, "metadata": {}}, "data": {"counts": {"0x0": 1274, "0x1": 733, "0x2": 1306, "0x3": 665, "0x4": 1410, "0x5": 774, "0x6": 1345, "0x7": 685}, "snapshots": null, "memory": null, "statevector": null, "unitary": null}}, {"shots": 8192, "success": true, "status": null, "seed": null, "meas_level": 2, "meas_return": null, "header": {"qubit_labels": [["q", 0], ["q", 1], ["q", 2], ["q", 3], ["q", 4], ["q", 5], ["q", 6]], "n_qubits": 7, "qreg_sizes": [["q", 7]], "clbit_labels": [["c28", 0], ["c28", 1], ["c28", 2]], "memory_slots": 3, "creg_sizes": [["c28", 3]], "name": "('X', 'Y', 'Y')", "global_phase": 0.0, "metadata": {}}, "data": {"counts": {"0x0": 1289, "0x1": 671, "0x2": 1221, "0x3": 638, "0x4": 1500, "0x5": 740, "0x6": 1417, "0x7": 716}, "snapshots": null, "memory": null, "statevector": null, "unitary": null}}, {"shots": 8192, "success": true, "status": null, "seed": null, "meas_level": 2, "meas_return": null, "header": {"qubit_labels": [["q", 0], ["q", 1], ["q", 2], ["q", 3], ["q", 4], ["q", 5], ["q", 6]], "n_qubits": 7, "qreg_sizes": [["q", 7]], "clbit_labels": [["c28", 0], ["c28", 1], ["c28", 2]], "memory_slots": 3, "creg_sizes": [["c28", 3]], "name": "('X', 'Y', 'Z')", "global_phase": 0.0, "metadata": {}}, "data": {"counts": {"0x0": 238, "0x1": 125, "0x2": 249, "0x3": 126, "0x4": 2500, "0x5": 1321, "0x6": 2391, "0x7": 1242}, "snapshots": null, "memory": null, "statevector": null, "unitary": null}}, {"shots": 8192, "success": true, "status": null, "seed": null, "meas_level": 2, "meas_return": null, "header": {"qubit_labels": [["q", 0], ["q", 1], ["q", 2], ["q", 3], ["q", 4], ["q", 5], ["q", 6]], "n_qubits": 7, "qreg_sizes": [["q", 7]], "clbit_labels": [["c28", 0], ["c28", 1], ["c28", 2]], "memory_slots": 3, "creg_sizes": [["c28", 3]], "name": "('X', 'Z', 'X')", "global_phase": 0.0, "metadata": {}}, "data": {"counts": {"0x0": 192, "0x1": 97, "0x2": 2397, "0x3": 1246, "0x4": 230, "0x5": 138, "0x6": 2566, "0x7": 1326}, "snapshots": null, "memory": null, "statevector": null, "unitary": null}}, {"shots": 8192, "success": true, "status": null, "seed": null, "meas_level": 2, "meas_return": null, "header": {"qubit_labels": [["q", 0], ["q", 1], ["q", 2], ["q", 3], ["q", 4], ["q", 5], ["q", 6]], "n_qubits": 7, "qreg_sizes": [["q", 7]], "clbit_labels": [["c28", 0], ["c28", 1], ["c28", 2]], "memory_slots": 3, "creg_sizes": [["c28", 3]], "name": "('X', 'Z', 'Y')", "global_phase": 0.0, "metadata": {}}, "data": {"counts": {"0x0": 224, "0x1": 103, "0x2": 2336, "0x3": 1228, "0x4": 273, "0x5": 126, "0x6": 2590, "0x7": 1312}, "snapshots": null, "memory": null, "statevector": null, "unitary": null}}, {"shots": 8192, "success": true, "status": null, "seed": null, "meas_level": 2, "meas_return": null, "header": {"qubit_labels": [["q", 0], ["q", 1], ["q", 2], ["q", 3], ["q", 4], ["q", 5], ["q", 6]], "n_qubits": 7, "qreg_sizes": [["q", 7]], "clbit_labels": [["c28", 0], ["c28", 1], ["c28", 2]], "memory_slots": 3, "creg_sizes": [["c28", 3]], "name": "('X', 'Z', 'Z')", "global_phase": 0.0, "metadata": {}}, "data": {"counts": {"0x0": 40, "0x1": 25, "0x2": 435, "0x3": 209, "0x4": 395, "0x5": 182, "0x6": 4496, "0x7": 2410}, "snapshots": null, "memory": null, "statevector": null, "unitary": null}}, {"shots": 8192, "success": true, "status": null, "seed": null, "meas_level": 2, "meas_return": null, "header": {"qubit_labels": [["q", 0], ["q", 1], ["q", 2], ["q", 3], ["q", 4], ["q", 5], ["q", 6]], "n_qubits": 7, "qreg_sizes": [["q", 7]], "clbit_labels": [["c28", 0], ["c28", 1], ["c28", 2]], "memory_slots": 3, "creg_sizes": [["c28", 3]], "name": "('Y', 'X', 'X')", "global_phase": 0.0, "metadata": {}}, "data": {"counts": {"0x0": 1498, "0x1": 882, "0x2": 1061, "0x3": 578, "0x4": 1657, "0x5": 919, "0x6": 993, "0x7": 604}, "snapshots": null, "memory": null, "statevector": null, "unitary": null}}, {"shots": 8192, "success": true, "status": null, "seed": null, "meas_level": 2, "meas_return": null, "header": {"qubit_labels": [["q", 0], ["q", 1], ["q", 2], ["q", 3], ["q", 4], ["q", 5], ["q", 6]], "n_qubits": 7, "qreg_sizes": [["q", 7]], "clbit_labels": [["c28", 0], ["c28", 1], ["c28", 2]], "memory_slots": 3, "creg_sizes": [["c28", 3]], "name": "('Y', 'X', 'Y')", "global_phase": 0.0, "metadata": {}}, "data": {"counts": {"0x0": 1462, "0x1": 865, "0x2": 952, "0x3": 573, "0x4": 1653, "0x5": 977, "0x6": 1127, "0x7": 583}, "snapshots": null, "memory": null, "statevector": null, "unitary": null}}, {"shots": 8192, "success": true, "status": null, "seed": null, "meas_level": 2, "meas_return": null, "header": {"qubit_labels": [["q", 0], ["q", 1], ["q", 2], ["q", 3], ["q", 4], ["q", 5], ["q", 6]], "n_qubits": 7, "qreg_sizes": [["q", 7]], "clbit_labels": [["c28", 0], ["c28", 1], ["c28", 2]], "memory_slots": 3, "creg_sizes": [["c28", 3]], "name": "('Y', 'X', 'Z')", "global_phase": 0.0, "metadata": {}}, "data": {"counts": {"0x0": 263, "0x1": 140, "0x2": 169, "0x3": 111, "0x4": 2888, "0x5": 1692, "0x6": 1815, "0x7": 1114}, "snapshots": null, "memory": null, "statevector": null, "unitary": null}}, {"shots": 8192, "success": true, "status": null, "seed": null, "meas_level": 2, "meas_return": null, "header": {"qubit_labels": [["q", 0], ["q", 1], ["q", 2], ["q", 3], ["q", 4], ["q", 5], ["q", 6]], "n_qubits": 7, "qreg_sizes": [["q", 7]], "clbit_labels": [["c28", 0], ["c28", 1], ["c28", 2]], "memory_slots": 3, "creg_sizes": [["c28", 3]], "name": "('Y', 'Y', 'X')", "global_phase": 0.0, "metadata": {}}, "data": {"counts": {"0x0": 1327, "0x1": 716, "0x2": 1273, "0x3": 722, "0x4": 1304, "0x5": 848, "0x6": 1296, "0x7": 706}, "snapshots": null, "memory": null, "statevector": null, "unitary": null}}, {"shots": 8192, "success": true, "status": null, "seed": null, "meas_level": 2, "meas_return": null, "header": {"qubit_labels": [["q", 0], ["q", 1], ["q", 2], ["q", 3], ["q", 4], ["q", 5], ["q", 6]], "n_qubits": 7, "qreg_sizes": [["q", 7]], "clbit_labels": [["c28", 0], ["c28", 1], ["c28", 2]], "memory_slots": 3, "creg_sizes": [["c28", 3]], "name": "('Y', 'Y', 'Y')", "global_phase": 0.0, "metadata": {}}, "data": {"counts": {"0x0": 1229, "0x1": 698, "0x2": 1214, "0x3": 698, "0x4": 1365, "0x5": 804, "0x6": 1353, "0x7": 831}, "snapshots": null, "memory": null, "statevector": null, "unitary": null}}, {"shots": 8192, "success": true, "status": null, "seed": null, "meas_level": 2, "meas_return": null, "header": {"qubit_labels": [["q", 0], ["q", 1], ["q", 2], ["q", 3], ["q", 4], ["q", 5], ["q", 6]], "n_qubits": 7, "qreg_sizes": [["q", 7]], "clbit_labels": [["c28", 0], ["c28", 1], ["c28", 2]], "memory_slots": 3, "creg_sizes": [["c28", 3]], "name": "('Y', 'Y', 'Z')", "global_phase": 0.0, "metadata": {}}, "data": {"counts": {"0x0": 238, "0x1": 126, "0x2": 230, "0x3": 127, "0x4": 2391, "0x5": 1393, "0x6": 2338, "0x7": 1349}, "snapshots": null, "memory": null, "statevector": null, "unitary": null}}, {"shots": 8192, "success": true, "status": null, "seed": null, "meas_level": 2, "meas_return": null, "header": {"qubit_labels": [["q", 0], ["q", 1], ["q", 2], ["q", 3], ["q", 4], ["q", 5], ["q", 6]], "n_qubits": 7, "qreg_sizes": [["q", 7]], "clbit_labels": [["c28", 0], ["c28", 1], ["c28", 2]], "memory_slots": 3, "creg_sizes": [["c28", 3]], "name": "('Y', 'Z', 'X')", "global_phase": 0.0, "metadata": {}}, "data": {"counts": {"0x0": 217, "0x1": 129, "0x2": 2374, "0x3": 1303, "0x4": 217, "0x5": 122, "0x6": 2403, "0x7": 1427}, "snapshots": null, "memory": null, "statevector": null, "unitary": null}}, {"shots": 8192, "success": true, "status": null, "seed": null, "meas_level": 2, "meas_return": null, "header": {"qubit_labels": [["q", 0], ["q", 1], ["q", 2], ["q", 3], ["q", 4], ["q", 5], ["q", 6]], "n_qubits": 7, "qreg_sizes": [["q", 7]], "clbit_labels": [["c28", 0], ["c28", 1], ["c28", 2]], "memory_slots": 3, "creg_sizes": [["c28", 3]], "name": "('Y', 'Z', 'Y')", "global_phase": 0.0, "metadata": {}}, "data": {"counts": {"0x0": 205, "0x1": 114, "0x2": 2218, "0x3": 1255, "0x4": 241, "0x5": 138, "0x6": 2607, "0x7": 1414}, "snapshots": null, "memory": null, "statevector": null, "unitary": null}}, {"shots": 8192, "success": true, "status": null, "seed": null, "meas_level": 2, "meas_return": null, "header": {"qubit_labels": [["q", 0], ["q", 1], ["q", 2], ["q", 3], ["q", 4], ["q", 5], ["q", 6]], "n_qubits": 7, "qreg_sizes": [["q", 7]], "clbit_labels": [["c28", 0], ["c28", 1], ["c28", 2]], "memory_slots": 3, "creg_sizes": [["c28", 3]], "name": "('Y', 'Z', 'Z')", "global_phase": 0.0, "metadata": {}}, "data": {"counts": {"0x0": 55, "0x1": 21, "0x2": 439, "0x3": 242, "0x4": 410, "0x5": 202, "0x6": 4311, "0x7": 2512}, "snapshots": null, "memory": null, "statevector": null, "unitary": null}}, {"shots": 8192, "success": true, "status": null, "seed": null, "meas_level": 2, "meas_return": null, "header": {"qubit_labels": [["q", 0], ["q", 1], ["q", 2], ["q", 3], ["q", 4], ["q", 5], ["q", 6]], "n_qubits": 7, "qreg_sizes": [["q", 7]], "clbit_labels": [["c28", 0], ["c28", 1], ["c28", 2]], "memory_slots": 3, "creg_sizes": [["c28", 3]], "name": "('Z', 'X', 'X')", "global_phase": 0.0, "metadata": {}}, "data": {"counts": {"0x0": 2027, "0x1": 391, "0x2": 1394, "0x3": 262, "0x4": 2126, "0x5": 356, "0x6": 1331, "0x7": 305}, "snapshots": null, "memory": null, "statevector": null, "unitary": null}}, {"shots": 8192, "success": true, "status": null, "seed": null, "meas_level": 2, "meas_return": null, "header": {"qubit_labels": [["q", 0], ["q", 1], ["q", 2], ["q", 3], ["q", 4], ["q", 5], ["q", 6]], "n_qubits": 7, "qreg_sizes": [["q", 7]], "clbit_labels": [["c28", 0], ["c28", 1], ["c28", 2]], "memory_slots": 3, "creg_sizes": [["c28", 3]], "name": "('Z', 'X', 'Y')", "global_phase": 0.0, "metadata": {}}, "data": {"counts": {"0x0": 1995, "0x1": 334, "0x2": 1279, "0x3": 260, "0x4": 2283, "0x5": 382, "0x6": 1370, "0x7": 289}, "snapshots": null, "memory": null, "statevector": null, "unitary": null}}, {"shots": 8192, "success": true, "status": null, "seed": null, "meas_level": 2, "meas_return": null, "header": {"qubit_labels": [["q", 0], ["q", 1], ["q", 2], ["q", 3], ["q", 4], ["q", 5], ["q", 6]], "n_qubits": 7, "qreg_sizes": [["q", 7]], "clbit_labels": [["c28", 0], ["c28", 1], ["c28", 2]], "memory_slots": 3, "creg_sizes": [["c28", 3]], "name": "('Z', 'X', 'Z')", "global_phase": 0.0, "metadata": {}}, "data": {"counts": {"0x0": 331, "0x1": 46, "0x2": 293, "0x3": 54, "0x4": 3878, "0x5": 682, "0x6": 2379, "0x7": 529}, "snapshots": null, "memory": null, "statevector": null, "unitary": null}}, {"shots": 8192, "success": true, "status": null, "seed": null, "meas_level": 2, "meas_return": null, "header": {"qubit_labels": [["q", 0], ["q", 1], ["q", 2], ["q", 3], ["q", 4], ["q", 5], ["q", 6]], "n_qubits": 7, "qreg_sizes": [["q", 7]], "clbit_labels": [["c28", 0], ["c28", 1], ["c28", 2]], "memory_slots": 3, "creg_sizes": [["c28", 3]], "name": "('Z', 'Y', 'X')", "global_phase": 0.0, "metadata": {}}, "data": {"counts": {"0x0": 1611, "0x1": 328, "0x2": 1682, "0x3": 333, "0x4": 1861, "0x5": 349, "0x6": 1696, "0x7": 332}, "snapshots": null, "memory": null, "statevector": null, "unitary": null}}, {"shots": 8192, "success": true, "status": null, "seed": null, "meas_level": 2, "meas_return": null, "header": {"qubit_labels": [["q", 0], ["q", 1], ["q", 2], ["q", 3], ["q", 4], ["q", 5], ["q", 6]], "n_qubits": 7, "qreg_sizes": [["q", 7]], "clbit_labels": [["c28", 0], ["c28", 1], ["c28", 2]], "memory_slots": 3, "creg_sizes": [["c28", 3]], "name": "('Z', 'Y', 'Y')", "global_phase": 0.0, "metadata": {}}, "data": {"counts": {"0x0": 1695, "0x1": 306, "0x2": 1667, "0x3": 308, "0x4": 1718, "0x5": 328, "0x6": 1857, "0x7": 313}, "snapshots": null, "memory": null, "statevector": null, "unitary": null}}, {"shots": 8192, "success": true, "status": null, "seed": null, "meas_level": 2, "meas_return": null, "header": {"qubit_labels": [["q", 0], ["q", 1], ["q", 2], ["q", 3], ["q", 4], ["q", 5], ["q", 6]], "n_qubits": 7, "qreg_sizes": [["q", 7]], "clbit_labels": [["c28", 0], ["c28", 1], ["c28", 2]], "memory_slots": 3, "creg_sizes": [["c28", 3]], "name": "('Z', 'Y', 'Z')", "global_phase": 0.0, "metadata": {}}, "data": {"counts": {"0x0": 297, "0x1": 69, "0x2": 330, "0x3": 55, "0x4": 3109, "0x5": 626, "0x6": 3157, "0x7": 549}, "snapshots": null, "memory": null, "statevector": null, "unitary": null}}, {"shots": 8192, "success": true, "status": null, "seed": null, "meas_level": 2, "meas_return": null, "header": {"qubit_labels": [["q", 0], ["q", 1], ["q", 2], ["q", 3], ["q", 4], ["q", 5], ["q", 6]], "n_qubits": 7, "qreg_sizes": [["q", 7]], "clbit_labels": [["c28", 0], ["c28", 1], ["c28", 2]], "memory_slots": 3, "creg_sizes": [["c28", 3]], "name": "('Z', 'Z', 'X')", "global_phase": 0.0, "metadata": {}}, "data": {"counts": {"0x0": 262, "0x1": 49, "0x2": 3109, "0x3": 619, "0x4": 301, "0x5": 41, "0x6": 3208, "0x7": 603}, "snapshots": null, "memory": null, "statevector": null, "unitary": null}}, {"shots": 8192, "success": true, "status": null, "seed": null, "meas_level": 2, "meas_return": null, "header": {"qubit_labels": [["q", 0], ["q", 1], ["q", 2], ["q", 3], ["q", 4], ["q", 5], ["q", 6]], "n_qubits": 7, "qreg_sizes": [["q", 7]], "clbit_labels": [["c28", 0], ["c28", 1], ["c28", 2]], "memory_slots": 3, "creg_sizes": [["c28", 3]], "name": "('Z', 'Z', 'Y')", "global_phase": 0.0, "metadata": {}}, "data": {"counts": {"0x0": 265, "0x1": 47, "0x2": 2977, "0x3": 553, "0x4": 309, "0x5": 53, "0x6": 3348, "0x7": 640}, "snapshots": null, "memory": null, "statevector": null, "unitary": null}}, {"shots": 8192, "success": true, "status": null, "seed": null, "meas_level": 2, "meas_return": null, "header": {"qubit_labels": [["q", 0], ["q", 1], ["q", 2], ["q", 3], ["q", 4], ["q", 5], ["q", 6]], "n_qubits": 7, "qreg_sizes": [["q", 7]], "clbit_labels": [["c28", 0], ["c28", 1], ["c28", 2]], "memory_slots": 3, "creg_sizes": [["c28", 3]], "name": "('Z', 'Z', 'Z')", "global_phase": 0.0, "metadata": {}}, "data": {"counts": {"0x0": 44, "0x1": 11, "0x2": 585, "0x3": 88, "0x4": 508, "0x5": 79, "0x6": 5766, "0x7": 1111}, "snapshots": null, "memory": null, "statevector": null, "unitary": null}}], "error": null}